date,total,power,traffic,residential_scope1,residential_scope2,industrial,avation,city,traffic_NOx,traffic_pm25,power_pm25
2020-01-01,,754.436,,0.084,125.059,,,Itanagar,,,
2020-01-02,,760.112,,0.0,130.777,,,Itanagar,,,
2020-01-03,,772.398,,0.0,142.738,,,Itanagar,,,
2020-01-04,,773.768,,33.529,139.254,,,Itanagar,,,
2020-01-05,,746.247,,0.0,141.266,,,Itanagar,,,
2020-01-06,,751.836,,35.103,138.559,,,Itanagar,,,
2020-01-07,,767.118,,0.0,134.584,,,Itanagar,,,
2020-01-08,,767.888,,31.9,136.121,,,Itanagar,,,
2020-01-09,,751.563,,0.0,138.641,,,Itanagar,,,
2020-01-10,,739.684,,40.771,140.425,,,Itanagar,,,
2020-01-11,,753.637,,18.915,137.148,,,Itanagar,,,
2020-01-12,,757.417,,31.599,135.654,,,Itanagar,,,
2020-01-13,,765.107,,33.125,133.428,,,Itanagar,,,
2020-01-14,,754.727,,28.288,133.891,,,Itanagar,,,
2020-01-15,,734.706,,34.093,133.587,,,Itanagar,,,
2020-01-16,,731.091,,32.59,134.083,,,Itanagar,,,
2020-01-17,,766.096,,26.848,137.117,,,Itanagar,,,
2020-01-18,,762.596,,0.0,138.736,,,Itanagar,,,
2020-01-19,,733.027,,58.223,141.907,,,Itanagar,,,
2020-01-20,,760.989,,130.023,142.283,,,Itanagar,,,
2020-01-21,,768.096,,26.809,141.496,,,Itanagar,,,
2020-01-22,,747.925,,26.006,138.179,,,Itanagar,,,
2020-01-23,,756.266,,26.583,141.82,,,Itanagar,,,
2020-01-24,,776.134,,41.759,137.067,,,Itanagar,,,
2020-01-25,,785.272,,33.646,135.564,,,Itanagar,,,
2020-01-26,,748.466,,5.853,132.136,,,Itanagar,,,
2020-01-27,,769.407,,19.205,130.563,,,Itanagar,,,
2020-01-28,,779.211,,4.564,133.973,,,Itanagar,,,
2020-01-29,,782.859,,25.327,134.55,,,Itanagar,,,
2020-01-30,,786.637,,2.218,138.249,,,Itanagar,,,
2020-01-31,,784.442,,30.452,138.719,,,Itanagar,,,
2020-02-01,,766.515,,30.452,136.49,,,Itanagar,,,
2020-02-02,,733.438,,42.029,141.43,,,Itanagar,,,
2020-02-03,,748.726,,18.597,135.769,,,Itanagar,,,
2020-02-04,,768.921,,36.88,135.465,,,Itanagar,,,
2020-02-05,,769.46,,85.128,132.174,,,Itanagar,,,
2020-02-06,,769.174,,40.624,134.079,,,Itanagar,,,
2020-02-07,,779.575,,25.481,133.246,,,Itanagar,,,
2020-02-08,,755.467,,32.843,127.57,,,Itanagar,,,
2020-02-09,,738.749,,33.888,129.191,,,Itanagar,,,
2020-02-10,,748.807,,33.018,133.379,,,Itanagar,,,
2020-02-11,,754.306,,32.259,131.638,,,Itanagar,,,
2020-02-12,,761.521,,38.181,127.483,,,Itanagar,,,
2020-02-13,,787.713,,24.337,127.2,,,Itanagar,,,
2020-02-14,,783.747,,38.709,131.285,,,Itanagar,,,
2020-02-15,,789.233,,38.709,139.88,,,Itanagar,,,
2020-02-16,,758.745,,49.828,135.834,,,Itanagar,,,
2020-02-17,,777.565,,45.438,135.649,,,Itanagar,,,
2020-02-18,,792.987,,25.324,143.299,,,Itanagar,,,
2020-02-19,,787.741,,0.004,136.005,,,Itanagar,,,
2020-02-20,,774.413,,29.726,136.25,,,Itanagar,,,
2020-02-21,,748.391,,0.089,129.923,,,Itanagar,,,
2020-02-22,,754.481,,0.0,125.921,,,Itanagar,,,
2020-02-23,,736.324,,36.839,127.551,,,Itanagar,,,
2020-02-24,,759.202,,38.067,129.086,,,Itanagar,,,
2020-02-25,,771.65,,0.0,128.985,,,Itanagar,,,
2020-02-26,,779.376,,4.82,132.661,,,Itanagar,,,
2020-02-27,,769.581,,33.882,131.439,,,Itanagar,,,
2020-02-28,,765.01,,32.066,130.758,,,Itanagar,,,
2020-02-29,,756.295,,32.066,126.22,,,Itanagar,,,
2020-03-01,,741.969,,20.693,126.152,,,Itanagar,,,
2020-03-02,,762.354,,14.268,132.065,,,Itanagar,,,
2020-03-03,,771.804,,36.41,132.744,,,Itanagar,,,
2020-03-04,,758.418,,42.401,131.18,,,Itanagar,,,
2020-03-05,,744.022,,0.0,129.643,,,Itanagar,,,
2020-03-06,,743.707,,47.705,128.42,,,Itanagar,,,
2020-03-07,,758.73,,0.0,136.298,,,Itanagar,,,
2020-03-08,,737.081,,39.957,141.322,,,Itanagar,,,
2020-03-09,,731.668,,33.315,138.458,,,Itanagar,,,
2020-03-10,,671.98,,14.613,131.808,,,Itanagar,,,
2020-03-11,,699.113,,44.694,136.116,,,Itanagar,,,
2020-03-12,,745.405,,6.925,137.313,,,Itanagar,,,
2020-03-13,,752.212,,0.0,129.916,,,Itanagar,,,
2020-03-14,,744.933,,0.0,129.794,,,Itanagar,,,
2020-03-15,,719.685,,0.0,130.3,,,Itanagar,,,
2020-03-16,,747.9,,36.967,127.109,,,Itanagar,,,
2020-03-17,,770.133,,40.662,125.198,,,Itanagar,,,
2020-03-18,,770.522,,0.0,120.934,,,Itanagar,,,
2020-03-19,,853.856,,41.881,127.381,,,Itanagar,,,
2020-03-20,,843.03,,45.567,129.831,,,Itanagar,,,
2020-03-21,,811.778,,42.907,130.896,,,Itanagar,,,
2020-03-22,,798.922,,0.0,129.327,,,Itanagar,,,
2020-03-23,,788.651,,38.44,130.101,,,Itanagar,,,
2020-03-24,,818.464,,39.065,128.511,,,Itanagar,,,
2020-03-25,,845.451,,42.341,127.082,,,Itanagar,,,
2020-03-26,,856.856,,43.636,130.154,,,Itanagar,,,
2020-03-27,,853.514,,41.128,128.136,,,Itanagar,,,
2020-03-28,,848.85,,0.0,138.525,,,Itanagar,,,
2020-03-29,,822.273,,34.996,129.775,,,Itanagar,,,
2020-03-30,,799.764,,8.457,124.674,,,Itanagar,,,
2020-03-31,,796.952,,34.926,123.542,,,Itanagar,,,
2020-04-01,,833.466,,55.735,121.744,,,Itanagar,,,
2020-04-02,,853.543,,0.389,129.493,,,Itanagar,,,
2020-04-03,,858.01,,37.454,131.197,,,Itanagar,,,
2020-04-04,,854.281,,39.415,130.972,,,Itanagar,,,
2020-04-05,,819.256,,43.673,120.891,,,Itanagar,,,
2020-04-06,,860.996,,51.181,124.059,,,Itanagar,,,
2020-04-07,,868.489,,0.0,127.989,,,Itanagar,,,
2020-04-08,,864.044,,0.0,127.111,,,Itanagar,,,
2020-04-09,,867.285,,39.195,129.279,,,Itanagar,,,
2020-04-10,,874.93,,40.058,129.471,,,Itanagar,,,
2020-04-11,,856.941,,39.753,124.095,,,Itanagar,,,
2020-04-12,,841.23,,32.618,123.96,,,Itanagar,,,
2020-04-13,,887.377,,36.164,124.186,,,Itanagar,,,
2020-04-14,,870.248,,41.64,126.213,,,Itanagar,,,
2020-04-15,,866.331,,0.0,126.395,,,Itanagar,,,
2020-04-16,,841.222,,36.748,133.265,,,Itanagar,,,
2020-04-17,,836.178,,40.552,132.601,,,Itanagar,,,
2020-04-18,,827.673,,0.0,140.05,,,Itanagar,,,
2020-04-19,,795.733,,0.0,140.455,,,Itanagar,,,
2020-04-20,,854.821,,13.502,138.766,,,Itanagar,,,
2020-04-21,,856.098,,9.19,139.065,,,Itanagar,,,
2020-04-22,,833.201,,9.41,141.715,,,Itanagar,,,
2020-04-23,,846.027,,20.702,138.665,,,Itanagar,,,
2020-04-24,,858.227,,0.0,135.482,,,Itanagar,,,
2020-04-25,,849.304,,4.664,132.618,,,Itanagar,,,
2020-04-26,,832.061,,40.284,127.393,,,Itanagar,,,
2020-04-27,,864.904,,41.042,129.65,,,Itanagar,,,
2020-04-28,,863.422,,21.337,130.337,,,Itanagar,,,
2020-04-29,,866.287,,40.668,136.321,,,Itanagar,,,
2020-04-30,,852.174,,36.912,132.234,,,Itanagar,,,
2020-05-01,,799.734,,38.081,129.426,,,Itanagar,,,
2020-05-02,,801.639,,0.0,130.312,,,Itanagar,,,
2020-05-03,,791.074,,0.0,129.728,,,Itanagar,,,
2020-05-04,,812.053,,39.525,129.86,,,Itanagar,,,
2020-05-05,,812.237,,34.85,131.896,,,Itanagar,,,
2020-05-06,,823.168,,0.0,136.358,,,Itanagar,,,
2020-05-07,,846.128,,42.012,132.862,,,Itanagar,,,
2020-05-08,,844.524,,32.767,130.651,,,Itanagar,,,
2020-05-09,,833.943,,33.947,124.506,,,Itanagar,,,
2020-05-10,,801.737,,30.101,124.009,,,Itanagar,,,
2020-05-11,,790.589,,0.0,124.62,,,Itanagar,,,
2020-05-12,,797.032,,35.938,129.89,,,Itanagar,,,
2020-05-13,,791.819,,99.641,137.538,,,Itanagar,,,
2020-05-14,,787.719,,0.0,137.623,,,Itanagar,,,
2020-05-15,,793.401,,0.0,132.522,,,Itanagar,,,
2020-05-16,,786.342,,0.0,137.937,,,Itanagar,,,
2020-05-17,,791.775,,9.686,134.899,,,Itanagar,,,
2020-05-18,,741.061,,39.338,131.896,,,Itanagar,,,
2020-05-19,,772.701,,0.0,131.663,,,Itanagar,,,
2020-05-20,,789.565,,0.0,132.251,,,Itanagar,,,
2020-05-21,,764.788,,0.0,136.407,,,Itanagar,,,
2020-05-22,,756.635,,0.0,134.634,,,Itanagar,,,
2020-05-23,,775.829,,0.0,135.795,,,Itanagar,,,
2020-05-24,,794.047,,0.0,139.25,,,Itanagar,,,
2020-05-25,,760.286,,0.0,138.874,,,Itanagar,,,
2020-05-26,,776.385,,0.0,139.472,,,Itanagar,,,
2020-05-27,,784.378,,0.0,135.489,,,Itanagar,,,
2020-05-28,,805.88,,33.626,129.256,,,Itanagar,,,
2020-05-29,,806.565,,33.647,130.7,,,Itanagar,,,
2020-05-30,,787.804,,372.572,131.424,,,Itanagar,,,
2020-05-31,,765.993,,40.623,129.824,,,Itanagar,,,
2020-06-01,,669.222,,0.0,129.485,,,Itanagar,,,
2020-06-02,,679.837,,32.549,132.382,,,Itanagar,,,
2020-06-03,,681.899,,1.573,131.669,,,Itanagar,,,
2020-06-04,,700.409,,21.95,131.536,,,Itanagar,,,
2020-06-05,,691.426,,0.0,132.556,,,Itanagar,,,
2020-06-06,,696.939,,0.0,133.456,,,Itanagar,,,
2020-06-07,,686.679,,32.549,131.725,,,Itanagar,,,
2020-06-08,,727.351,,0.001,132.65,,,Itanagar,,,
2020-06-09,,740.604,,37.878,127.305,,,Itanagar,,,
2020-06-10,,752.342,,23.639,128.095,,,Itanagar,,,
2020-06-11,,746.009,,0.261,132.776,,,Itanagar,,,
2020-06-12,,748.215,,0.0,132.831,,,Itanagar,,,
2020-06-13,,726.877,,32.345,132.862,,,Itanagar,,,
2020-06-14,,703.572,,4.45,131.104,,,Itanagar,,,
2020-06-15,,738.922,,13.804,133.219,,,Itanagar,,,
2020-06-16,,732.682,,0.0,133.309,,,Itanagar,,,
2020-06-17,,741.006,,2.365,131.321,,,Itanagar,,,
2020-06-18,,749.4,,32.099,133.079,,,Itanagar,,,
2020-06-19,,737.828,,28.442,130.373,,,Itanagar,,,
2020-06-20,,731.257,,31.005,131.83,,,Itanagar,,,
2020-06-21,,702.382,,0.0,132.523,,,Itanagar,,,
2020-06-22,,740.226,,30.979,131.046,,,Itanagar,,,
2020-06-23,,766.462,,4.594,132.623,,,Itanagar,,,
2020-06-24,,753.225,,0.0,132.872,,,Itanagar,,,
2020-06-25,,752.963,,0.0,131.294,,,Itanagar,,,
2020-06-26,,735.09,,0.0,132.431,,,Itanagar,,,
2020-06-27,,723.24,,0.0,131.102,,,Itanagar,,,
2020-06-28,,700.611,,38.678,128.954,,,Itanagar,,,
2020-06-29,,729.649,,34.097,128.287,,,Itanagar,,,
2020-06-30,,767.566,,33.182,130.834,,,Itanagar,,,
2020-07-01,,763.301,,0.0,132.07,,,Itanagar,,,
2020-07-02,,769.437,,3.083,135.393,,,Itanagar,,,
2020-07-03,,766.303,,32.988,132.69,,,Itanagar,,,
2020-07-04,,727.32,,61.486,131.558,,,Itanagar,,,
2020-07-05,,653.583,,61.486,131.565,,,Itanagar,,,
2020-07-06,,688.113,,18.745,130.324,,,Itanagar,,,
2020-07-07,,724.894,,26.595,131.695,,,Itanagar,,,
2020-07-08,,722.415,,0.0,132.272,,,Itanagar,,,
2020-07-09,,739.106,,0.0,134.16,,,Itanagar,,,
2020-07-10,,736.621,,0.0,133.809,,,Itanagar,,,
2020-07-11,,696.453,,0.0,133.487,,,Itanagar,,,
2020-07-12,,650.911,,0.073,129.928,,,Itanagar,,,
2020-07-13,,747.711,,34.652,131.29,,,Itanagar,,,
2020-07-14,,783.537,,0.0,133.055,,,Itanagar,,,
2020-07-15,,758.52,,0.0,132.406,,,Itanagar,,,
2020-07-16,,752.392,,12.583,132.082,,,Itanagar,,,
2020-07-17,,760.586,,0.0,132.535,,,Itanagar,,,
2020-07-18,,765.918,,0.0,133.425,,,Itanagar,,,
2020-07-19,,723.374,,0.0,133.801,,,Itanagar,,,
2020-07-20,,708.971,,2.87,132.524,,,Itanagar,,,
2020-07-21,,685.41,,1.202,131.07,,,Itanagar,,,
2020-07-22,,729.543,,22.627,131.153,,,Itanagar,,,
2020-07-23,,741.246,,0.0,130.811,,,Itanagar,,,
2020-07-24,,750.76,,0.0,132.926,,,Itanagar,,,
2020-07-25,,738.158,,0.0,131.824,,,Itanagar,,,
2020-07-26,,721.462,,0.0,133.11,,,Itanagar,,,
2020-07-27,,750.149,,0.0,133.01,,,Itanagar,,,
2020-07-28,,770.655,,0.0,131.445,,,Itanagar,,,
2020-07-29,,754.853,,0.0,133.552,,,Itanagar,,,
2020-07-30,,746.206,,0.0,132.961,,,Itanagar,,,
2020-07-31,,757.336,,32.645,133.238,,,Itanagar,,,
2020-08-01,,742.826,,42.149,130.312,,,Itanagar,,,
2020-08-02,,722.347,,32.062,130.249,,,Itanagar,,,
2020-08-03,,707.619,,28.989,131.202,,,Itanagar,,,
2020-08-04,,707.967,,5.119,128.39,,,Itanagar,,,
2020-08-05,,701.391,,0.0,128.076,,,Itanagar,,,
2020-08-06,,681.187,,27.169,129.142,,,Itanagar,,,
2020-08-07,,723.676,,29.425,131.889,,,Itanagar,,,
2020-08-08,,754.274,,0.0,132.954,,,Itanagar,,,
2020-08-09,,733.738,,0.0,132.485,,,Itanagar,,,
2020-08-10,,734.35,,28.443,131.883,,,Itanagar,,,
2020-08-11,,717.904,,0.093,131.123,,,Itanagar,,,
2020-08-12,,679.798,,46.383,131.649,,,Itanagar,,,
2020-08-13,,680.705,,27.205,129.633,,,Itanagar,,,
2020-08-14,,676.466,,0.0,129.695,,,Itanagar,,,
2020-08-15,,675.936,,2.179,129.606,,,Itanagar,,,
2020-08-16,,660.483,,5.619,129.504,,,Itanagar,,,
2020-08-17,,711.855,,5.619,127.337,,,Itanagar,,,
2020-08-18,,723.315,,26.56,131.116,,,Itanagar,,,
2020-08-19,,689.166,,25.559,128.464,,,Itanagar,,,
2020-08-20,,682.379,,20.352,127.921,,,Itanagar,,,
2020-08-21,,683.757,,0.0,130.164,,,Itanagar,,,
2020-08-22,,678.587,,26.802,128.398,,,Itanagar,,,
2020-08-23,,656.564,,1.978,130.8,,,Itanagar,,,
2020-08-24,,684.226,,29.023,129.189,,,Itanagar,,,
2020-08-25,,708.155,,25.139,128.711,,,Itanagar,,,
2020-08-26,,722.566,,27.913,128.808,,,Itanagar,,,
2020-08-27,,711.88,,10.457,124.61,,,Itanagar,,,
2020-08-28,,706.219,,19.91,126.65,,,Itanagar,,,
2020-08-29,,699.52,,25.052,128.854,,,Itanagar,,,
2020-08-30,,662.781,,0.0,129.014,,,Itanagar,,,
2020-08-31,,703.022,,31.15,129.982,,,Itanagar,,,
2020-09-01,,736.676,,29.347,130.451,,,Itanagar,,,
2020-09-02,,737.428,,31.766,129.063,,,Itanagar,,,
2020-09-03,,736.725,,0.0,131.365,,,Itanagar,,,
2020-09-04,,747.542,,0.0,131.621,,,Itanagar,,,
2020-09-05,,755.912,,0.0,132.231,,,Itanagar,,,
2020-09-06,,716.839,,0.0,132.366,,,Itanagar,,,
2020-09-07,,728.168,,0.0,131.354,,,Itanagar,,,
2020-09-08,,749.337,,4.731,130.665,,,Itanagar,,,
2020-09-09,,783.784,,32.697,132.47,,,Itanagar,,,
2020-09-10,,772.342,,0.0,132.456,,,Itanagar,,,
2020-09-11,,763.692,,8.583,133.33,,,Itanagar,,,
2020-09-12,,740.397,,10.025,131.391,,,Itanagar,,,
2020-09-13,,723.805,,15.871,132.306,,,Itanagar,,,
2020-09-14,,731.985,,0.0,130.175,,,Itanagar,,,
2020-09-15,,742.991,,35.718,131.199,,,Itanagar,,,
2020-09-16,,752.927,,36.385,132.796,,,Itanagar,,,
2020-09-17,,739.564,,0.0,131.218,,,Itanagar,,,
2020-09-18,,734.947,,33.324,128.97,,,Itanagar,,,
2020-09-19,,758.694,,28.447,128.745,,,Itanagar,,,
2020-09-20,,729.419,,30.756,127.063,,,Itanagar,,,
2020-09-21,,740.284,,1.361,130.116,,,Itanagar,,,
2020-09-22,,727.187,,0.0,131.405,,,Itanagar,,,
2020-09-23,,709.785,,28.221,128.351,,,Itanagar,,,
2020-09-24,,731.476,,0.0,129.38,,,Itanagar,,,
2020-09-25,,737.116,,3.636,132.13,,,Itanagar,,,
2020-09-26,,707.528,,33.446,130.185,,,Itanagar,,,
2020-09-27,,685.417,,30.679,129.759,,,Itanagar,,,
2020-09-28,,736.599,,33.3,131.296,,,Itanagar,,,
2020-09-29,,751.326,,30.524,132.974,,,Itanagar,,,
2020-09-30,,743.537,,27.987,130.128,,,Itanagar,,,
2020-10-01,,734.32,,35.498,129.876,,,Itanagar,,,
2020-10-02,,729.287,,0.0,133.432,,,Itanagar,,,
2020-10-03,,751.013,,22.436,136.494,,,Itanagar,,,
2020-10-04,,726.15,,31.175,134.354,,,Itanagar,,,
2020-10-05,,741.734,,31.366,134.866,,,Itanagar,,,
2020-10-06,,761.443,,0.0,135.802,,,Itanagar,,,
2020-10-07,,785.671,,38.0,135.082,,,Itanagar,,,
2020-10-08,,790.018,,21.562,136.494,,,Itanagar,,,
2020-10-09,,794.899,,28.036,133.972,,,Itanagar,,,
2020-10-10,,769.981,,28.048,133.834,,,Itanagar,,,
2020-10-11,,730.572,,30.338,133.841,,,Itanagar,,,
2020-10-12,,738.698,,23.122,132.479,,,Itanagar,,,
2020-10-13,,752.318,,13.961,130.705,,,Itanagar,,,
2020-10-14,,721.684,,9.011,130.657,,,Itanagar,,,
2020-10-15,,733.073,,20.495,130.321,,,Itanagar,,,
2020-10-16,,739.675,,33.531,130.675,,,Itanagar,,,
2020-10-17,,759.792,,3.546,131.306,,,Itanagar,,,
2020-10-18,,739.838,,35.947,131.083,,,Itanagar,,,
2020-10-19,,757.205,,29.519,132.505,,,Itanagar,,,
2020-10-20,,758.925,,34.248,132.332,,,Itanagar,,,
2020-10-21,,751.859,,24.192,133.093,,,Itanagar,,,
2020-10-22,,737.931,,20.471,132.12,,,Itanagar,,,
2020-10-23,,720.115,,0.0,137.207,,,Itanagar,,,
2020-10-24,,714.912,,0.0,137.961,,,Itanagar,,,
2020-10-25,,675.775,,32.446,133.18,,,Itanagar,,,
2020-10-26,,688.767,,33.812,132.044,,,Itanagar,,,
2020-10-27,,723.051,,30.809,130.777,,,Itanagar,,,
2020-10-28,,731.741,,30.834,130.466,,,Itanagar,,,
2020-10-29,,750.123,,9.201,129.911,,,Itanagar,,,
2020-10-30,,765.806,,29.641,128.347,,,Itanagar,,,
2020-10-31,,762.224,,0.04,131.965,,,Itanagar,,,
2020-11-01,,728.737,,34.378,138.877,,,Itanagar,,,
2020-11-02,,755.056,,6.104,135.77,,,Itanagar,,,
2020-11-03,,761.906,,154.812,138.785,,,Itanagar,,,
2020-11-04,,757.173,,53.434,138.809,,,Itanagar,,,
2020-11-05,,748.028,,46.296,136.602,,,Itanagar,,,
2020-11-06,,765.29,,36.389,132.477,,,Itanagar,,,
2020-11-07,,752.226,,31.495,131.574,,,Itanagar,,,
2020-11-08,,723.917,,29.946,130.045,,,Itanagar,,,
2020-11-09,,742.699,,24.056,129.747,,,Itanagar,,,
2020-11-10,,735.823,,27.472,131.159,,,Itanagar,,,
2020-11-11,,730.369,,24.265,130.211,,,Itanagar,,,
2020-11-12,,745.539,,27.805,131.51,,,Itanagar,,,
2020-11-13,,735.415,,25.932,132.951,,,Itanagar,,,
2020-11-14,,675.304,,4.219,132.757,,,Itanagar,,,
2020-11-15,,648.624,,31.615,130.545,,,Itanagar,,,
2020-11-16,,654.845,,30.012,129.225,,,Itanagar,,,
2020-11-17,,701.006,,33.717,129.021,,,Itanagar,,,
2020-11-18,,719.032,,35.947,136.817,,,Itanagar,,,
2020-11-19,,731.189,,21.903,135.898,,,Itanagar,,,
2020-11-20,,737.861,,20.208,137.123,,,Itanagar,,,
2020-11-21,,730.364,,37.148,137.225,,,Itanagar,,,
2020-11-22,,715.889,,34.325,139.215,,,Itanagar,,,
2020-11-23,,753.717,,34.571,134.593,,,Itanagar,,,
2020-11-24,,750.603,,11.824,128.56,,,Itanagar,,,
2020-11-25,,733.335,,26.269,127.58,,,Itanagar,,,
2020-11-26,,687.736,,30.399,127.766,,,Itanagar,,,
2020-11-27,,688.902,,0.0,130.273,,,Itanagar,,,
2020-11-28,,701.089,,30.689,131.63,,,Itanagar,,,
2020-11-29,,713.998,,27.516,134.084,,,Itanagar,,,
2020-11-30,,737.035,,7.038,131.107,,,Itanagar,,,
2020-12-01,,727.156,,28.744,128.219,,,Itanagar,,,
2020-12-02,,740.074,,28.744,128.814,,,Itanagar,,,
2020-12-03,,734.825,,21.243,129.558,,,Itanagar,,,
2020-12-04,,745.336,,15.087,130.172,,,Itanagar,,,
2020-12-05,,739.958,,34.162,134.184,,,Itanagar,,,
2020-12-06,,707.309,,29.957,133.92,,,Itanagar,,,
2020-12-07,,722.594,,32.076,133.904,,,Itanagar,,,
2020-12-08,,730.134,,29.167,134.064,,,Itanagar,,,
2020-12-09,,718.945,,21.043,134.557,,,Itanagar,,,
2020-12-10,,730.81,,0.0,136.313,,,Itanagar,,,
2020-12-11,,733.684,,20.464,136.253,,,Itanagar,,,
2020-12-12,,720.025,,17.491,133.994,,,Itanagar,,,
2020-12-13,,699.811,,36.047,131.237,,,Itanagar,,,
2020-12-14,,717.967,,37.985,137.148,,,Itanagar,,,
2020-12-15,,734.006,,9.037,135.549,,,Itanagar,,,
2020-12-16,,736.273,,39.443,134.142,,,Itanagar,,,
2020-12-17,,744.618,,183.755,135.349,,,Itanagar,,,
2020-12-18,,755.016,,41.008,136.36,,,Itanagar,,,
2020-12-19,,742.331,,32.669,132.289,,,Itanagar,,,
2020-12-20,,735.972,,18.517,128.769,,,Itanagar,,,
2020-12-21,,756.056,,28.201,128.874,,,Itanagar,,,
2020-12-22,,771.804,,32.678,128.133,,,Itanagar,,,
2020-12-23,,779.214,,31.772,130.674,,,Itanagar,,,
2020-12-24,,770.454,,25.869,132.694,,,Itanagar,,,
2020-12-25,,769.76,,26.804,134.126,,,Itanagar,,,
2020-12-26,,779.957,,31.418,133.328,,,Itanagar,,,
2020-12-27,,748.641,,11.235,132.809,,,Itanagar,,,
2020-12-28,,769.05,,19.09,130.274,,,Itanagar,,,
2020-12-29,,774.235,,11.797,131.843,,,Itanagar,,,
2020-12-30,,775.536,,31.007,131.375,,,Itanagar,,,
2020-12-31,,774.862,,26.788,130.165,,,Itanagar,,,
2021-01-01,,772.844,,26.788,129.574,,,Itanagar,,,
2021-01-02,,751.787,,33.306,127.777,,,Itanagar,,,
2021-01-03,,724.083,,32.828,127.605,,,Itanagar,,,
2021-01-04,,747.375,,27.051,128.893,,,Itanagar,,,
2021-01-05,,749.827,,33.29,130.379,,,Itanagar,,,
2021-01-06,,753.11,,34.008,130.149,,,Itanagar,,,
2021-01-07,,742.987,,0.002,132.418,,,Itanagar,,,
2021-01-08,,750.736,,38.492,133.351,,,Itanagar,,,
2021-01-09,,738.009,,38.447,132.185,,,Itanagar,,,
2021-01-10,,734.149,,5.051,131.919,,,Itanagar,,,
2021-01-11,,762.63,,0.0,140.316,,,Itanagar,,,
2021-01-12,,768.777,,0.0,141.816,,,Itanagar,,,
2021-01-13,,767.26,,1.225,141.383,,,Itanagar,,,
2021-01-14,,761.916,,28.782,139.752,,,Itanagar,,,
2021-01-15,,762.147,,8.028,137.897,,,Itanagar,,,
2021-01-16,,774.445,,0.0,137.908,,,Itanagar,,,
2021-01-17,,768.745,,22.819,135.43,,,Itanagar,,,
2021-01-18,,774.696,,34.51,134.224,,,Itanagar,,,
2021-01-19,,798.578,,1.852,141.591,,,Itanagar,,,
2021-01-20,,811.96,,0.249,145.569,,,Itanagar,,,
2021-01-21,,825.288,,0.0,143.615,,,Itanagar,,,
2021-01-22,,820.698,,38.961,141.18,,,Itanagar,,,
2021-01-23,,808.909,,7.907,138.316,,,Itanagar,,,
2021-01-24,,781.989,,22.035,136.593,,,Itanagar,,,
2021-01-25,,788.161,,38.82,138.461,,,Itanagar,,,
2021-01-26,,764.191,,23.336,136.707,,,Itanagar,,,
2021-01-27,,783.276,,40.55,136.643,,,Itanagar,,,
2021-01-28,,796.154,,31.302,133.516,,,Itanagar,,,
2021-01-29,,805.348,,24.869,131.802,,,Itanagar,,,
2021-01-30,,805.258,,19.917,134.517,,,Itanagar,,,
2021-01-31,,782.259,,11.074,135.043,,,Itanagar,,,
2021-02-01,,789.881,,17.072,132.418,,,Itanagar,,,
2021-02-02,,798.765,,20.218,134.417,,,Itanagar,,,
2021-02-03,,803.095,,39.438,133.256,,,Itanagar,,,
2021-02-04,,786.266,,34.444,133.046,,,Itanagar,,,
2021-02-05,,785.98,,31.41,130.949,,,Itanagar,,,
2021-02-06,,781.962,,23.669,129.764,,,Itanagar,,,
2021-02-07,,763.278,,41.949,131.952,,,Itanagar,,,
2021-02-08,,774.976,,33.875,133.557,,,Itanagar,,,
2021-02-09,,792.88,,35.035,135.592,,,Itanagar,,,
2021-02-10,,807.608,,38.226,133.532,,,Itanagar,,,
2021-02-11,,810.03,,36.616,128.85,,,Itanagar,,,
2021-02-12,,805.485,,35.87,128.151,,,Itanagar,,,
2021-02-13,,806.818,,5.391,127.666,,,Itanagar,,,
2021-02-14,,786.73,,2.266,128.374,,,Itanagar,,,
2021-02-15,,799.779,,42.709,133.957,,,Itanagar,,,
2021-02-16,,797.417,,5.086,131.059,,,Itanagar,,,
2021-02-17,,793.787,,0.0,132.739,,,Itanagar,,,
2021-02-18,,786.939,,19.87,127.557,,,Itanagar,,,
2021-02-19,,779.079,,0.0,126.903,,,Itanagar,,,
2021-02-20,,779.783,,33.97,126.65,,,Itanagar,,,
2021-02-21,,768.463,,34.457,126.834,,,Itanagar,,,
2021-02-22,,794.829,,20.051,125.866,,,Itanagar,,,
2021-02-23,,810.32,,36.276,124.589,,,Itanagar,,,
2021-02-24,,820.461,,6.197,125.485,,,Itanagar,,,
2021-02-25,,822.946,,49.0,129.259,,,Itanagar,,,
2021-02-26,,827.282,,2.412,138.293,,,Itanagar,,,
2021-02-27,,822.298,,0.0,140.797,,,Itanagar,,,
2021-02-28,,809.84,,0.0,143.617,,,Itanagar,,,
2021-03-01,,829.833,,49.888,143.391,,,Itanagar,,,
2021-03-02,,835.685,,41.428,137.155,,,Itanagar,,,
2021-03-03,,833.898,,33.409,131.592,,,Itanagar,,,
2021-03-04,,834.425,,41.051,133.647,,,Itanagar,,,
2021-03-05,,852.854,,0.0,142.49,,,Itanagar,,,
2021-03-06,,847.635,,124.601,142.024,,,Itanagar,,,
2021-03-07,,813.169,,41.765,135.593,,,Itanagar,,,
2021-03-08,,831.47,,24.54,132.367,,,Itanagar,,,
2021-03-09,,846.809,,6.466,131.147,,,Itanagar,,,
2021-03-10,,856.492,,0.0,137.931,,,Itanagar,,,
2021-03-11,,851.443,,26.777,138.301,,,Itanagar,,,
2021-03-12,,820.31,,34.11,134.892,,,Itanagar,,,
2021-03-13,,804.802,,38.838,133.871,,,Itanagar,,,
2021-03-14,,804.997,,39.278,140.818,,,Itanagar,,,
2021-03-15,,836.936,,43.283,136.278,,,Itanagar,,,
2021-03-16,,844.093,,37.691,134.046,,,Itanagar,,,
2021-03-17,,851.069,,47.53,129.486,,,Itanagar,,,
2021-03-18,,860.515,,28.716,129.25,,,Itanagar,,,
2021-03-19,,861.28,,50.873,128.304,,,Itanagar,,,
2021-03-20,,854.17,,16.948,131.253,,,Itanagar,,,
2021-03-21,,828.737,,0.0,134.879,,,Itanagar,,,
2021-03-22,,838.451,,15.5,130.907,,,Itanagar,,,
2021-03-23,,817.708,,24.666,127.358,,,Itanagar,,,
2021-03-24,,836.565,,69.712,131.418,,,Itanagar,,,
2021-03-25,,849.804,,49.51,122.724,,,Itanagar,,,
2021-03-26,,837.241,,69.048,124.285,,,Itanagar,,,
2021-03-27,,842.019,,2.122,121.345,,,Itanagar,,,
2021-03-28,,810.473,,119.243,120.958,,,Itanagar,,,
2021-03-29,,754.985,,225.887,120.994,,,Itanagar,,,
2021-03-30,,769.484,,27.884,130.626,,,Itanagar,,,
2021-03-31,,807.269,,33.738,141.834,,,Itanagar,,,
2021-04-01,,824.124,,5.925,140.452,,,Itanagar,,,
2021-04-02,,845.664,,43.208,137.944,,,Itanagar,,,
2021-04-03,,852.811,,41.393,135.627,,,Itanagar,,,
2021-04-04,,833.964,,29.438,131.058,,,Itanagar,,,
2021-04-05,,854.959,,25.175,125.624,,,Itanagar,,,
2021-04-06,,854.516,,0.0,123.029,,,Itanagar,,,
2021-04-07,,853.024,,31.367,124.626,,,Itanagar,,,
2021-04-08,,871.627,,119.556,136.288,,,Itanagar,,,
2021-04-09,,866.966,,0.0,138.886,,,Itanagar,,,
2021-04-10,,864.791,,49.325,141.246,,,Itanagar,,,
2021-04-11,,835.499,,47.703,143.088,,,Itanagar,,,
2021-04-12,,864.228,,33.614,135.759,,,Itanagar,,,
2021-04-13,,872.438,,33.614,138.075,,,Itanagar,,,
2021-04-14,,844.255,,57.342,136.793,,,Itanagar,,,
2021-04-15,,850.834,,55.112,133.405,,,Itanagar,,,
2021-04-16,,852.651,,0.0,136.335,,,Itanagar,,,
2021-04-17,,829.766,,55.243,136.621,,,Itanagar,,,
2021-04-18,,826.336,,13.519,138.523,,,Itanagar,,,
2021-04-19,,850.362,,34.965,142.516,,,Itanagar,,,
2021-04-20,,860.218,,42.703,138.675,,,Itanagar,,,
2021-04-21,,833.775,,19.15,132.173,,,Itanagar,,,
2021-04-22,,814.132,,31.305,136.683,,,Itanagar,,,
2021-04-23,,807.03,,36.396,129.923,,,Itanagar,,,
2021-04-24,,819.68,,37.136,125.4,,,Itanagar,,,
2021-04-25,,801.611,,40.769,126.764,,,Itanagar,,,
2021-04-26,,835.118,,42.988,131.269,,,Itanagar,,,
2021-04-27,,845.203,,3.989,132.759,,,Itanagar,,,
2021-04-28,,843.694,,36.874,132.314,,,Itanagar,,,
2021-04-29,,844.525,,36.669,131.857,,,Itanagar,,,
2021-04-30,,837.919,,47.116,129.797,,,Itanagar,,,
2021-05-01,,796.143,,54.152,129.297,,,Itanagar,,,
2021-05-02,,781.035,,0.0,128.752,,,Itanagar,,,
2021-05-03,,786.282,,0.0,133.408,,,Itanagar,,,
2021-05-04,,790.27,,26.831,135.286,,,Itanagar,,,
2021-05-05,,776.283,,0.0,133.634,,,Itanagar,,,
2021-05-06,,786.001,,33.629,131.768,,,Itanagar,,,
2021-05-07,,800.962,,0.0,131.873,,,Itanagar,,,
2021-05-08,,798.499,,0.0,134.452,,,Itanagar,,,
2021-05-09,,772.791,,5.04,131.255,,,Itanagar,,,
2021-05-10,,785.11,,40.579,134.491,,,Itanagar,,,
2021-05-11,,769.802,,36.974,134.925,,,Itanagar,,,
2021-05-12,,743.204,,0.0,133.663,,,Itanagar,,,
2021-05-13,,720.207,,34.711,132.647,,,Itanagar,,,
2021-05-14,,751.333,,4.529,138.504,,,Itanagar,,,
2021-05-15,,751.473,,63.074,139.504,,,Itanagar,,,
2021-05-16,,698.199,,47.236,133.807,,,Itanagar,,,
2021-05-17,,697.53,,0.0,133.711,,,Itanagar,,,
2021-05-18,,678.579,,0.0,137.356,,,Itanagar,,,
2021-05-19,,674.877,,0.0,136.539,,,Itanagar,,,
2021-05-20,,663.451,,6.288,133.838,,,Itanagar,,,
2021-05-21,,677.013,,10.382,133.036,,,Itanagar,,,
2021-05-22,,705.568,,18.796,133.648,,,Itanagar,,,
2021-05-23,,721.694,,31.173,135.664,,,Itanagar,,,
2021-05-24,,739.024,,0.0,132.702,,,Itanagar,,,
2021-05-25,,726.149,,33.333,135.127,,,Itanagar,,,
2021-05-26,,712.05,,36.425,136.349,,,Itanagar,,,
2021-05-27,,710.311,,34.076,134.757,,,Itanagar,,,
2021-05-28,,736.122,,18.128,133.256,,,Itanagar,,,
2021-05-29,,757.591,,0.0,133.449,,,Itanagar,,,
2021-05-30,,716.042,,35.93,132.638,,,Itanagar,,,
2021-05-31,,750.708,,0.0,134.979,,,Itanagar,,,
2021-06-01,,699.449,,34.297,134.059,,,Itanagar,,,
2021-06-02,,753.972,,47.879,135.666,,,Itanagar,,,
2021-06-03,,774.865,,28.603,136.475,,,Itanagar,,,
2021-06-04,,778.396,,31.239,137.923,,,Itanagar,,,
2021-06-05,,757.562,,0.0,136.642,,,Itanagar,,,
2021-06-06,,727.954,,0.0,133.193,,,Itanagar,,,
2021-06-07,,749.147,,0.0,134.877,,,Itanagar,,,
2021-06-08,,742.637,,0.0,134.903,,,Itanagar,,,
2021-06-09,,737.58,,0.0,132.274,,,Itanagar,,,
2021-06-10,,720.815,,0.0,129.534,,,Itanagar,,,
2021-06-11,,695.949,,0.0,132.054,,,Itanagar,,,
2021-06-12,,693.563,,0.411,130.24,,,Itanagar,,,
2021-06-13,,656.361,,27.83,127.135,,,Itanagar,,,
2021-06-14,,717.825,,0.0,132.11,,,Itanagar,,,
2021-06-15,,717.173,,36.778,132.749,,,Itanagar,,,
2021-06-16,,731.624,,31.915,131.646,,,Itanagar,,,
2021-06-17,,738.919,,26.575,133.392,,,Itanagar,,,
2021-06-18,,740.936,,0.917,131.645,,,Itanagar,,,
2021-06-19,,709.684,,29.373,132.353,,,Itanagar,,,
2021-06-20,,668.504,,26.469,129.454,,,Itanagar,,,
2021-06-21,,726.814,,33.045,131.1,,,Itanagar,,,
2021-06-22,,764.57,,26.929,133.861,,,Itanagar,,,
2021-06-23,,802.526,,25.849,135.457,,,Itanagar,,,
2021-06-24,,771.415,,20.568,135.662,,,Itanagar,,,
2021-06-25,,764.63,,30.761,134.797,,,Itanagar,,,
2021-06-26,,742.968,,32.912,135.121,,,Itanagar,,,
2021-06-27,,764.038,,16.966,134.445,,,Itanagar,,,
2021-06-28,,821.81,,27.332,134.91,,,Itanagar,,,
2021-06-29,,848.577,,45.286,138.526,,,Itanagar,,,
2021-06-30,,832.456,,0.0,136.279,,,Itanagar,,,
2021-07-01,,797.405,,38.952,134.223,,,Itanagar,,,
2021-07-02,,770.62,,0.0,132.937,,,Itanagar,,,
2021-07-03,,770.433,,55.485,133.685,,,Itanagar,,,
2021-07-04,,779.067,,0.0,133.591,,,Itanagar,,,
2021-07-05,,829.13,,0.0,136.087,,,Itanagar,,,
2021-07-06,,846.05,,13.787,136.455,,,Itanagar,,,
2021-07-07,,840.495,,16.274,136.692,,,Itanagar,,,
2021-07-08,,819.28,,4.669,134.055,,,Itanagar,,,
2021-07-09,,812.834,,0.0,131.635,,,Itanagar,,,
2021-07-10,,830.182,,0.0,138.022,,,Itanagar,,,
2021-07-11,,774.418,,0.0,133.241,,,Itanagar,,,
2021-07-12,,764.095,,30.996,132.087,,,Itanagar,,,
2021-07-13,,754.581,,0.0,132.721,,,Itanagar,,,
2021-07-14,,746.234,,0.0,134.005,,,Itanagar,,,
2021-07-15,,759.791,,1.988,131.814,,,Itanagar,,,
2021-07-16,,797.058,,28.541,133.135,,,Itanagar,,,
2021-07-17,,802.88,,25.868,134.763,,,Itanagar,,,
2021-07-18,,728.593,,0.0,132.076,,,Itanagar,,,
2021-07-19,,674.096,,46.113,131.545,,,Itanagar,,,
2021-07-20,,673.715,,30.712,129.343,,,Itanagar,,,
2021-07-21,,660.609,,3.407,130.084,,,Itanagar,,,
2021-07-22,,681.725,,32.65,127.757,,,Itanagar,,,
2021-07-23,,719.972,,37.094,128.514,,,Itanagar,,,
2021-07-24,,705.587,,17.429,128.289,,,Itanagar,,,
2021-07-25,,694.238,,29.791,130.851,,,Itanagar,,,
2021-07-26,,715.74,,0.0,131.901,,,Itanagar,,,
2021-07-27,,707.107,,0.0,129.772,,,Itanagar,,,
2021-07-28,,659.712,,83.604,128.349,,,Itanagar,,,
2021-07-29,,674.801,,6.3,129.214,,,Itanagar,,,
2021-07-30,,669.06,,0.0,130.001,,,Itanagar,,,
2021-07-31,,658.777,,0.259,128.325,,,Itanagar,,,
2021-08-01,,624.258,,30.256,127.355,,,Itanagar,,,
2021-08-02,,683.804,,44.723,127.615,,,Itanagar,,,
2021-08-03,,701.026,,31.637,129.316,,,Itanagar,,,
2021-08-04,,713.533,,13.822,129.062,,,Itanagar,,,
2021-08-05,,736.927,,0.0,130.586,,,Itanagar,,,
2021-08-06,,746.977,,34.018,130.647,,,Itanagar,,,
2021-08-07,,774.675,,31.115,131.797,,,Itanagar,,,
2021-08-08,,765.415,,34.016,132.348,,,Itanagar,,,
2021-08-09,,777.178,,20.041,132.064,,,Itanagar,,,
2021-08-10,,776.787,,20.041,132.431,,,Itanagar,,,
2021-08-11,,780.875,,20.041,132.525,,,Itanagar,,,
2021-08-12,,790.227,,4.198,133.5,,,Itanagar,,,
2021-08-13,,798.376,,22.809,133.745,,,Itanagar,,,
2021-08-14,,782.651,,5.125,133.332,,,Itanagar,,,
2021-08-15,,761.811,,0.0,131.608,,,Itanagar,,,
2021-08-16,,722.059,,4.216,129.512,,,Itanagar,,,
2021-08-17,,820.012,,0.0,135.329,,,Itanagar,,,
2021-08-18,,806.775,,35.549,133.894,,,Itanagar,,,
2021-08-19,,784.383,,29.769,132.597,,,Itanagar,,,
2021-08-20,,772.398,,0.0,131.503,,,Itanagar,,,
2021-08-21,,754.226,,33.407,131.341,,,Itanagar,,,
2021-08-22,,721.478,,0.0,135.359,,,Itanagar,,,
2021-08-23,,749.609,,25.133,134.358,,,Itanagar,,,
2021-08-24,,762.28,,5.128,133.701,,,Itanagar,,,
2021-08-25,,767.027,,8.236,134.858,,,Itanagar,,,
2021-08-26,,769.911,,1.166,134.179,,,Itanagar,,,
2021-08-27,,777.529,,7.979,131.803,,,Itanagar,,,
2021-08-28,,771.885,,14.112,130.945,,,Itanagar,,,
2021-08-29,,746.501,,18.434,131.563,,,Itanagar,,,
2021-08-30,,759.392,,32.797,132.308,,,Itanagar,,,
2021-08-31,,751.359,,29.164,132.578,,,Itanagar,,,
2021-09-01,,746.43,,0.0,131.795,,,Itanagar,,,
2021-09-02,,758.269,,32.761,130.883,,,Itanagar,,,
2021-09-03,,756.977,,313.958,130.347,,,Itanagar,,,
2021-09-04,,728.365,,37.963,132.631,,,Itanagar,,,
2021-09-05,,722.558,,31.421,131.89,,,Itanagar,,,
2021-09-06,,748.902,,30.417,131.12,,,Itanagar,,,
2021-09-07,,719.344,,29.275,132.534,,,Itanagar,,,
2021-09-08,,705.108,,23.027,130.006,,,Itanagar,,,
2021-09-09,,746.862,,16.998,130.054,,,Itanagar,,,
2021-09-10,,723.489,,27.914,126.686,,,Itanagar,,,
2021-09-11,,685.22,,26.613,124.238,,,Itanagar,,,
2021-09-12,,638.43,,28.087,122.879,,,Itanagar,,,
2021-09-13,,663.824,,0.0,121.682,,,Itanagar,,,
2021-09-14,,677.28,,55.115,124.638,,,Itanagar,,,
2021-09-15,,693.403,,31.249,124.216,,,Itanagar,,,
2021-09-16,,693.63,,30.835,127.462,,,Itanagar,,,
2021-09-17,,707.971,,0.0,130.378,,,Itanagar,,,
2021-09-18,,743.855,,0.0,130.176,,,Itanagar,,,
2021-09-19,,757.944,,198.813,130.584,,,Itanagar,,,
2021-09-20,,768.056,,74.099,129.49,,,Itanagar,,,
2021-09-21,,751.036,,13.06,130.307,,,Itanagar,,,
2021-09-22,,722.856,,28.055,130.65,,,Itanagar,,,
2021-09-23,,726.556,,23.374,128.183,,,Itanagar,,,
2021-09-24,,736.259,,255.401,127.054,,,Itanagar,,,
2021-09-25,,725.284,,30.757,126.979,,,Itanagar,,,
2021-09-26,,721.937,,30.757,126.555,,,Itanagar,,,
2021-09-27,,710.826,,0.0,128.495,,,Itanagar,,,
2021-09-28,,707.032,,27.33,128.374,,,Itanagar,,,
2021-09-29,,704.169,,23.947,131.454,,,Itanagar,,,
2021-09-30,,727.108,,214.182,129.774,,,Itanagar,,,
2021-10-01,,756.713,,32.151,130.886,,,Itanagar,,,
2021-10-02,,730.211,,13.124,130.867,,,Itanagar,,,
2021-10-03,,711.818,,0.423,133.02,,,Itanagar,,,
2021-10-04,,744.21,,0.0,131.263,,,Itanagar,,,
2021-10-05,,760.807,,216.158,129.649,,,Itanagar,,,
2021-10-06,,778.084,,56.982,129.138,,,Itanagar,,,
2021-10-07,,774.678,,32.483,130.446,,,Itanagar,,,
2021-10-08,,781.743,,29.061,131.672,,,Itanagar,,,
2021-10-09,,770.906,,33.111,131.86,,,Itanagar,,,
2021-10-10,,749.733,,172.086,131.365,,,Itanagar,,,
2021-10-11,,782.039,,93.808,130.518,,,Itanagar,,,
2021-10-12,,792.914,,31.562,130.96,,,Itanagar,,,
2021-10-13,,792.89,,31.13,131.896,,,Itanagar,,,
2021-10-14,,779.127,,21.786,132.475,,,Itanagar,,,
2021-10-15,,752.645,,8.765,131.071,,,Itanagar,,,
2021-10-16,,764.506,,113.667,129.644,,,Itanagar,,,
2021-10-17,,723.77,,25.749,128.764,,,Itanagar,,,
2021-10-18,,702.344,,22.261,128.622,,,Itanagar,,,
2021-10-19,,734.441,,31.378,132.816,,,Itanagar,,,
2021-10-20,,744.067,,17.853,134.814,,,Itanagar,,,
2021-10-21,,735.613,,124.376,133.247,,,Itanagar,,,
2021-10-22,,733.999,,31.658,127.202,,,Itanagar,,,
2021-10-23,,742.309,,35.789,125.741,,,Itanagar,,,
2021-10-24,,699.556,,32.043,126.553,,,Itanagar,,,
2021-10-25,,723.476,,20.008,125.704,,,Itanagar,,,
2021-10-26,,730.515,,251.447,128.042,,,Itanagar,,,
2021-10-27,,728.261,,41.28,124.763,,,Itanagar,,,
2021-10-28,,720.771,,29.191,123.377,,,Itanagar,,,
2021-10-29,,731.944,,28.949,123.233,,,Itanagar,,,
2021-10-30,,728.318,,28.233,123.197,,,Itanagar,,,
2021-10-31,,715.918,,0.0,122.163,,,Itanagar,,,
2021-11-01,,733.863,,82.38,123.453,,,Itanagar,,,
2021-11-02,,735.023,,17.543,123.6,,,Itanagar,,,
2021-11-03,,725.011,,19.534,124.254,,,Itanagar,,,
2021-11-04,,669.174,,26.944,124.559,,,Itanagar,,,
2021-11-05,,648.374,,1.317,122.235,,,Itanagar,,,
2021-11-06,,700.198,,185.156,120.522,,,Itanagar,,,
2021-11-07,,687.277,,114.935,122.254,,,Itanagar,,,
2021-11-08,,725.269,,33.278,123.295,,,Itanagar,,,
2021-11-09,,738.401,,27.874,122.378,,,Itanagar,,,
2021-11-10,,764.418,,34.122,122.689,,,Itanagar,,,
2021-11-11,,748.455,,224.843,121.927,,,Itanagar,,,
2021-11-12,,765.025,,96.578,123.465,,,Itanagar,,,
2021-11-13,,755.221,,13.034,124.151,,,Itanagar,,,
2021-11-14,,741.598,,29.328,124.728,,,Itanagar,,,
2021-11-15,,759.167,,31.022,125.715,,,Itanagar,,,
2021-11-16,,755.176,,59.948,125.576,,,Itanagar,,,
2021-11-17,,762.961,,233.624,124.26,,,Itanagar,,,
2021-11-18,,772.504,,99.864,124.412,,,Itanagar,,,
2021-11-19,,754.333,,33.022,126.503,,,Itanagar,,,
2021-11-20,,753.956,,25.454,126.635,,,Itanagar,,,
2021-11-21,,715.994,,0.0,126.006,,,Itanagar,,,
2021-11-22,,762.118,,160.231,134.777,,,Itanagar,,,
2021-11-23,,774.063,,121.74,143.774,,,Itanagar,,,
2021-11-24,,777.617,,20.661,136.829,,,Itanagar,,,
2021-11-25,,772.805,,25.1,131.688,,,Itanagar,,,
2021-11-26,,770.143,,0.0,130.123,,,Itanagar,,,
2021-11-27,,761.578,,233.709,128.262,,,Itanagar,,,
2021-11-28,,720.183,,158.502,127.005,,,Itanagar,,,
2021-11-29,,732.197,,27.669,127.759,,,Itanagar,,,
2021-11-30,,737.849,,25.572,127.27,,,Itanagar,,,
2021-12-01,,746.69,,30.73,128.843,,,Itanagar,,,
2021-12-02,,725.772,,12.488,130.712,,,Itanagar,,,
2021-12-03,,740.321,,82.187,132.05,,,Itanagar,,,
2021-12-04,,742.99,,46.049,133.024,,,Itanagar,,,
2021-12-05,,723.736,,29.988,133.195,,,Itanagar,,,
2021-12-06,,741.789,,3.472,131.419,,,Itanagar,,,
2021-12-07,,758.783,,31.651,138.163,,,Itanagar,,,
2021-12-08,,755.095,,311.723,137.006,,,Itanagar,,,
2021-12-09,,762.396,,26.667,134.117,,,Itanagar,,,
2021-12-10,,755.733,,23.964,132.173,,,Itanagar,,,
2021-12-11,,748.689,,14.045,136.067,,,Itanagar,,,
2021-12-12,,713.861,,15.846,135.044,,,Itanagar,,,
2021-12-13,,751.874,,154.302,132.634,,,Itanagar,,,
2021-12-14,,772.333,,124.907,130.543,,,Itanagar,,,
2021-12-15,,768.575,,20.744,130.001,,,Itanagar,,,
2021-12-16,,762.418,,20.153,130.618,,,Itanagar,,,
2021-12-17,,755.331,,29.747,131.09,,,Itanagar,,,
2021-12-18,,759.055,,119.275,131.463,,,Itanagar,,,
2021-12-19,,723.021,,248.47,130.637,,,Itanagar,,,
2021-12-20,,772.554,,124.585,130.711,,,Itanagar,,,
2021-12-21,,794.873,,25.476,132.866,,,Itanagar,,,
2021-12-22,,808.56,,26.262,129.746,,,Itanagar,,,
2021-12-23,,814.999,,44.591,129.147,,,Itanagar,,,
2021-12-24,,819.824,,265.203,132.494,,,Itanagar,,,
2021-12-25,,812.684,,102.521,129.336,,,Itanagar,,,
2021-12-26,,786.678,,27.252,129.7,,,Itanagar,,,
2021-12-27,,800.045,,28.191,128.93,,,Itanagar,,,
2021-12-28,,785.35,,6.964,127.394,,,Itanagar,,,
2021-12-29,,764.309,,79.908,127.315,,,Itanagar,,,
2021-12-30,,758.288,,0.0,132.834,,,Itanagar,,,
2021-12-31,,770.947,,22.953,129.689,,,Itanagar,,,
2022-01-01,,775.223,,0.0,130.565,,,Itanagar,,,
2022-01-02,,746.06,,30.481,128.476,,,Itanagar,,,
2022-01-03,,787.97,,28.542,127.309,,,Itanagar,,,
2022-01-04,,810.096,,157.388,126.318,,,Itanagar,,,
2022-01-05,,820.7,,23.656,127.446,,,Itanagar,,,
2022-01-06,,806.544,,31.255,127.728,,,Itanagar,,,
2022-01-07,,801.532,,32.585,127.866,,,Itanagar,,,
2022-01-08,,770.099,,41.559,130.347,,,Itanagar,,,
2022-01-09,,739.581,,188.347,129.313,,,Itanagar,,,
2022-01-10,,763.358,,37.077,130.572,,,Itanagar,,,
2022-01-11,,770.01,,0.85,130.562,,,Itanagar,,,
2022-01-12,,774.034,,17.921,140.22,,,Itanagar,,,
2022-01-13,,787.744,,4.588,139.205,,,Itanagar,,,
2022-01-14,,769.058,,87.737,137.711,,,Itanagar,,,
2022-01-15,,747.044,,110.745,130.602,,,Itanagar,,,
2022-01-16,,751.337,,110.745,129.655,,,Itanagar,,,
2022-01-17,,784.519,,27.306,133.477,,,Itanagar,,,
2022-01-18,,807.572,,0.0,126.777,,,Itanagar,,,
2022-01-19,,810.451,,15.76,123.019,,,Itanagar,,,
2022-01-20,,806.278,,31.268,125.305,,,Itanagar,,,
2022-01-21,,813.14,,25.356,133.016,,,Itanagar,,,
2022-01-22,,769.133,,19.017,137.808,,,Itanagar,,,
2022-01-23,,758.089,,26.608,134.378,,,Itanagar,,,
2022-01-24,,798.863,,15.995,134.914,,,Itanagar,,,
2022-01-25,,804.698,,175.653,138.064,,,Itanagar,,,
2022-01-26,,778.072,,42.704,140.777,,,Itanagar,,,
2022-01-27,,789.174,,19.66,137.142,,,Itanagar,,,
2022-01-28,,802.784,,30.266,133.001,,,Itanagar,,,
2022-01-29,,806.464,,31.672,132.961,,,Itanagar,,,
2022-01-30,,803.605,,146.676,133.04,,,Itanagar,,,
2022-01-31,,820.542,,171.165,132.559,,,Itanagar,,,
2022-02-01,,827.974,,29.675,142.496,,,Itanagar,,,
2022-02-02,,828.966,,35.94,137.196,,,Itanagar,,,
2022-02-03,,799.85,,1.267,133.594,,,Itanagar,,,
2022-02-04,,819.314,,0.063,132.786,,,Itanagar,,,
2022-02-05,,828.108,,94.994,141.59,,,Itanagar,,,
2022-02-06,,812.106,,105.789,137.07,,,Itanagar,,,
2022-02-07,,821.674,,32.017,136.834,,,Itanagar,,,
2022-02-08,,845.248,,26.233,134.058,,,Itanagar,,,
2022-02-09,,830.553,,19.995,135.069,,,Itanagar,,,
2022-02-10,,810.549,,27.186,142.563,,,Itanagar,,,
2022-02-11,,818.72,,8.933,141.019,,,Itanagar,,,
2022-02-12,,820.721,,37.842,137.042,,,Itanagar,,,
2022-02-13,,809.246,,31.805,135.735,,,Itanagar,,,
2022-02-14,,812.955,,28.562,130.422,,,Itanagar,,,
2022-02-15,,821.736,,159.655,127.665,,,Itanagar,,,
2022-02-16,,829.653,,103.835,124.83,,,Itanagar,,,
2022-02-17,,823.126,,34.856,127.731,,,Itanagar,,,
2022-02-18,,822.325,,32.056,129.654,,,Itanagar,,,
2022-02-19,,815.467,,17.503,132.894,,,Itanagar,,,
2022-02-20,,805.327,,0.0,138.104,,,Itanagar,,,
2022-02-21,,820.957,,98.699,139.792,,,Itanagar,,,
2022-02-22,,820.878,,34.098,131.156,,,Itanagar,,,
2022-02-23,,824.158,,33.629,127.178,,,Itanagar,,,
2022-02-24,,846.713,,32.652,128.104,,,Itanagar,,,
2022-02-25,,831.785,,35.349,130.207,,,Itanagar,,,
2022-02-26,,814.271,,35.157,130.78,,,Itanagar,,,
2022-02-27,,779.601,,200.915,130.18,,,Itanagar,,,
2022-02-28,,819.732,,21.022,137.201,,,Itanagar,,,
2022-03-01,,831.827,,34.712,130.933,,,Itanagar,,,
2022-03-02,,816.239,,9.52,126.813,,,Itanagar,,,
2022-03-03,,810.06,,67.381,125.223,,,Itanagar,,,
2022-03-04,,833.941,,69.952,125.858,,,Itanagar,,,
2022-03-05,,846.392,,42.685,129.098,,,Itanagar,,,
2022-03-06,,826.42,,15.864,125.189,,,Itanagar,,,
2022-03-07,,828.936,,41.635,123.606,,,Itanagar,,,
2022-03-08,,835.311,,242.497,118.994,,,Itanagar,,,
2022-03-09,,844.065,,242.497,120.079,,,Itanagar,,,
2022-03-10,,853.87,,189.511,119.795,,,Itanagar,,,
2022-03-11,,860.561,,53.533,119.475,,,Itanagar,,,
2022-03-12,,859.083,,40.149,119.437,,,Itanagar,,,
2022-03-13,,838.524,,20.378,120.039,,,Itanagar,,,
2022-03-14,,857.491,,395.537,120.416,,,Itanagar,,,
2022-03-15,,863.545,,413.761,120.351,,,Itanagar,,,
2022-03-16,,871.028,,262.742,120.019,,,Itanagar,,,
2022-03-17,,868.63,,178.383,119.685,,,Itanagar,,,
2022-03-18,,819.752,,140.807,121.929,,,Itanagar,,,
2022-03-19,,827.312,,300.309,127.144,,,Itanagar,,,
2022-03-20,,841.018,,181.696,129.062,,,Itanagar,,,
2022-03-21,,865.499,,48.557,127.524,,,Itanagar,,,
2022-03-22,,870.604,,23.371,127.912,,,Itanagar,,,
2022-03-23,,872.778,,8.675,123.844,,,Itanagar,,,
2022-03-24,,881.183,,63.374,127.578,,,Itanagar,,,
2022-03-25,,875.519,,340.005,142.746,,,Itanagar,,,
2022-03-26,,869.98,,132.653,143.282,,,Itanagar,,,
2022-03-27,,847.259,,38.246,135.769,,,Itanagar,,,
2022-03-28,,863.254,,1.468,137.731,,,Itanagar,,,
2022-03-29,,874.464,,8.677,136.604,,,Itanagar,,,
2022-03-30,,891.755,,8.717,138.477,,,Itanagar,,,
2022-03-31,,893.968,,17.528,139.183,,,Itanagar,,,
2022-04-01,,894.197,,0.0,142.434,,,Itanagar,,,
2022-04-02,,893.779,,0.0,138.379,,,Itanagar,,,
2022-04-03,,867.01,,0.0,141.829,,,Itanagar,,,
2022-04-04,,899.663,,0.0,141.857,,,Itanagar,,,
2022-04-05,,909.598,,21.585,141.038,,,Itanagar,,,
2022-04-06,,895.708,,95.778,140.244,,,Itanagar,,,
2022-04-07,,904.005,,0.0,139.516,,,Itanagar,,,
2022-04-08,,900.109,,0.0,137.177,,,Itanagar,,,
2022-04-09,,903.812,,18.215,135.269,,,Itanagar,,,
2022-04-10,,876.5,,0.002,137.91,,,Itanagar,,,
2022-04-11,,895.238,,180.62,136.464,,,Itanagar,,,
2022-04-12,,906.808,,37.334,135.185,,,Itanagar,,,
2022-04-13,,910.137,,0.0,144.031,,,Itanagar,,,
2022-04-14,,903.496,,11.378,146.164,,,Itanagar,,,
2022-04-15,,896.905,,470.948,144.03,,,Itanagar,,,
2022-04-16,,907.902,,349.878,146.575,,,Itanagar,,,
2022-04-17,,870.475,,7.756,144.865,,,Itanagar,,,
2022-04-18,,896.364,,34.283,139.788,,,Itanagar,,,
2022-04-19,,908.537,,15.439,135.789,,,Itanagar,,,
2022-04-20,,902.923,,39.0,136.486,,,Itanagar,,,
2022-04-21,,906.271,,232.032,135.791,,,Itanagar,,,
2022-04-22,,905.344,,27.378,140.888,,,Itanagar,,,
2022-04-23,,904.653,,13.308,144.567,,,Itanagar,,,
2022-04-24,,876.493,,3.062,144.589,,,Itanagar,,,
2022-04-25,,902.122,,136.279,140.642,,,Itanagar,,,
2022-04-26,,911.208,,177.345,137.705,,,Itanagar,,,
2022-04-27,,916.279,,55.005,139.69,,,Itanagar,,,
2022-04-28,,910.576,,36.753,134.995,,,Itanagar,,,
2022-04-29,,905.214,,0.0,133.894,,,Itanagar,,,
2022-04-30,,881.041,,0.0,141.608,,,Itanagar,,,
2022-05-01,,841.11,,92.931,134.494,,,Itanagar,,,
2022-05-02,,861.828,,0.0,136.66,,,Itanagar,,,
2022-05-03,,862.585,,12.07,138.42,,,Itanagar,,,
2022-05-04,,877.932,,31.032,133.883,,,Itanagar,,,
2022-05-05,,874.545,,20.888,132.9,,,Itanagar,,,
2022-05-06,,899.064,,55.857,135.134,,,Itanagar,,,
2022-05-07,,895.19,,122.214,134.776,,,Itanagar,,,
2022-05-08,,857.023,,35.243,134.126,,,Itanagar,,,
2022-05-09,,872.184,,34.374,135.979,,,Itanagar,,,
2022-05-10,,857.07,,35.876,140.847,,,Itanagar,,,
2022-05-11,,864.109,,33.174,141.796,,,Itanagar,,,
2022-05-12,,858.766,,8.02,139.343,,,Itanagar,,,
2022-05-13,,850.123,,0.0,141.866,,,Itanagar,,,
2022-05-14,,841.511,,0.0,140.09,,,Itanagar,,,
2022-05-15,,819.624,,0.0,140.077,,,Itanagar,,,
2022-05-16,,855.685,,0.0,138.172,,,Itanagar,,,
2022-05-17,,871.877,,11.6,140.031,,,Itanagar,,,
2022-05-18,,891.595,,154.637,140.945,,,Itanagar,,,
2022-05-19,,881.168,,81.953,142.227,,,Itanagar,,,
2022-05-20,,848.444,,7.434,139.101,,,Itanagar,,,
2022-05-21,,775.028,,0.0,135.886,,,Itanagar,,,
2022-05-22,,726.022,,141.507,135.446,,,Itanagar,,,
2022-05-23,,709.804,,141.507,133.851,,,Itanagar,,,
2022-05-24,,770.341,,20.907,132.063,,,Itanagar,,,
2022-05-25,,830.607,,12.132,139.434,,,Itanagar,,,
2022-05-26,,839.693,,37.913,140.545,,,Itanagar,,,
2022-05-27,,825.558,,12.492,138.823,,,Itanagar,,,
2022-05-28,,821.652,,53.845,139.157,,,Itanagar,,,
2022-05-29,,815.047,,38.625,135.307,,,Itanagar,,,
2022-05-30,,860.539,,35.962,135.842,,,Itanagar,,,
2022-05-31,,871.423,,37.182,135.682,,,Itanagar,,,
2022-06-01,,861.308,,0.0,139.531,,,Itanagar,,,
2022-06-02,,873.071,,154.106,138.952,,,Itanagar,,,
2022-06-03,,871.389,,46.893,139.849,,,Itanagar,,,
2022-06-04,,868.596,,27.256,139.747,,,Itanagar,,,
2022-06-05,,845.649,,20.616,140.302,,,Itanagar,,,
2022-06-06,,870.25,,0.0,139.833,,,Itanagar,,,
2022-06-07,,875.412,,99.934,140.291,,,Itanagar,,,
2022-06-08,,856.158,,130.255,140.279,,,Itanagar,,,
2022-06-09,,846.499,,6.875,139.355,,,Itanagar,,,
2022-06-10,,866.53,,20.798,139.279,,,Itanagar,,,
2022-06-11,,856.04,,49.188,139.342,,,Itanagar,,,
2022-06-12,,833.737,,0.0,137.893,,,Itanagar,,,
2022-06-13,,873.07,,13.399,140.216,,,Itanagar,,,
2022-06-14,,885.956,,0.409,140.034,,,Itanagar,,,
2022-06-15,,865.117,,0.0,138.588,,,Itanagar,,,
2022-06-16,,842.008,,0.0,138.104,,,Itanagar,,,
2022-06-17,,830.958,,0.0,138.654,,,Itanagar,,,
2022-06-18,,813.472,,0.0,138.384,,,Itanagar,,,
2022-06-19,,757.616,,29.925,137.429,,,Itanagar,,,
2022-06-20,,758.969,,25.999,135.051,,,Itanagar,,,
2022-06-21,,768.427,,33.994,136.706,,,Itanagar,,,
2022-06-22,,830.285,,32.68,137.834,,,Itanagar,,,
2022-06-23,,862.364,,3.358,139.374,,,Itanagar,,,
2022-06-24,,853.368,,0.843,138.273,,,Itanagar,,,
2022-06-25,,838.283,,12.061,140.303,,,Itanagar,,,
2022-06-26,,817.763,,3.455,138.915,,,Itanagar,,,
2022-06-27,,860.795,,9.673,138.756,,,Itanagar,,,
2022-06-28,,870.733,,0.0,138.093,,,Itanagar,,,
2022-06-29,,829.862,,33.14,135.952,,,Itanagar,,,
2022-06-30,,768.127,,42.833,134.242,,,Itanagar,,,
2022-07-01,,760.344,,23.665,133.137,,,Itanagar,,,
2022-07-02,,780.791,,24.217,132.222,,,Itanagar,,,
2022-07-03,,762.462,,0.0,134.015,,,Itanagar,,,
2022-07-04,,820.737,,22.726,137.297,,,Itanagar,,,
2022-07-05,,827.695,,31.252,136.266,,,Itanagar,,,
2022-07-06,,822.073,,0.0,134.578,,,Itanagar,,,
2022-07-07,,827.875,,27.773,135.269,,,Itanagar,,,
2022-07-08,,814.724,,0.0,135.537,,,Itanagar,,,
2022-07-09,,774.968,,217.468,134.549,,,Itanagar,,,
2022-07-10,,725.855,,39.465,132.635,,,Itanagar,,,
2022-07-11,,754.602,,31.669,134.826,,,Itanagar,,,
2022-07-12,,757.485,,15.538,133.007,,,Itanagar,,,
2022-07-13,,771.195,,0.0,131.587,,,Itanagar,,,
2022-07-14,,760.329,,36.001,129.858,,,Itanagar,,,
2022-07-15,,757.166,,157.695,128.545,,,Itanagar,,,
2022-07-16,,758.646,,67.99,131.681,,,Itanagar,,,
2022-07-17,,730.465,,0.0,131.678,,,Itanagar,,,
2022-07-18,,790.343,,14.343,133.273,,,Itanagar,,,
2022-07-19,,801.482,,0.0,134.656,,,Itanagar,,,
2022-07-20,,780.328,,0.0,134.374,,,Itanagar,,,
2022-07-21,,727.248,,0.162,131.431,,,Itanagar,,,
2022-07-22,,753.875,,0.0,132.045,,,Itanagar,,,
2022-07-23,,737.523,,26.876,129.964,,,Itanagar,,,
2022-07-24,,684.687,,0.0,131.389,,,Itanagar,,,
2022-07-25,,733.485,,6.888,132.06,,,Itanagar,,,
2022-07-26,,786.321,,0.0,133.176,,,Itanagar,,,
2022-07-27,,798.045,,0.0,132.351,,,Itanagar,,,
2022-07-28,,789.684,,4.968,130.799,,,Itanagar,,,
2022-07-29,,801.617,,26.476,134.536,,,Itanagar,,,
2022-07-30,,770.875,,0.0,132.554,,,Itanagar,,,
2022-07-31,,720.275,,0.0,133.217,,,Itanagar,,,
2022-08-01,,754.884,,25.978,130.723,,,Itanagar,,,
2022-08-02,,778.129,,27.457,130.235,,,Itanagar,,,
2022-08-03,,809.183,,8.297,130.015,,,Itanagar,,,
2022-08-04,,806.497,,26.707,131.742,,,Itanagar,,,
2022-08-05,,782.101,,8.313,133.516,,,Itanagar,,,
2022-08-06,,759.609,,34.484,131.154,,,Itanagar,,,
2022-08-07,,720.146,,0.0,129.709,,,Itanagar,,,
2022-08-08,,740.593,,36.563,130.694,,,Itanagar,,,
2022-08-09,,740.129,,31.722,130.182,,,Itanagar,,,
2022-08-10,,743.058,,18.437,131.084,,,Itanagar,,,
2022-08-11,,693.193,,28.499,127.031,,,Itanagar,,,
2022-08-12,,731.857,,8.221,129.156,,,Itanagar,,,
2022-08-13,,758.393,,0.0,130.224,,,Itanagar,,,
2022-08-14,,703.497,,28.474,126.063,,,Itanagar,,,
2022-08-15,,664.705,,26.997,125.767,,,Itanagar,,,
2022-08-16,,714.775,,6.67,127.984,,,Itanagar,,,
2022-08-17,,757.869,,136.837,129.806,,,Itanagar,,,
2022-08-18,,781.733,,30.419,128.474,,,Itanagar,,,
2022-08-19,,773.731,,23.642,127.653,,,Itanagar,,,
2022-08-20,,759.607,,24.665,127.211,,,Itanagar,,,
2022-08-21,,729.696,,162.762,127.133,,,Itanagar,,,
2022-08-22,,771.451,,3.728,128.094,,,Itanagar,,,
2022-08-23,,787.388,,15.162,131.8,,,Itanagar,,,
2022-08-24,,777.458,,30.022,129.845,,,Itanagar,,,
2022-08-25,,791.192,,33.878,131.062,,,Itanagar,,,
2022-08-26,,823.528,,163.943,129.585,,,Itanagar,,,
2022-08-27,,799.256,,56.262,132.242,,,Itanagar,,,
2022-08-28,,765.435,,0.0,131.201,,,Itanagar,,,
2022-08-29,,817.855,,32.934,131.097,,,Itanagar,,,
2022-08-30,,835.824,,25.457,132.169,,,Itanagar,,,
2022-08-31,,832.44,,0.101,130.838,,,Itanagar,,,
2022-09-01,,824.542,,16.998,131.943,,,Itanagar,,,
2022-09-02,,830.411,,30.443,133.399,,,Itanagar,,,
2022-09-03,,831.285,,34.597,133.623,,,Itanagar,,,
2022-09-04,,782.685,,29.82,131.841,,,Itanagar,,,
2022-09-05,,820.89,,34.384,132.866,,,Itanagar,,,
2022-09-06,,837.622,,103.414,133.351,,,Itanagar,,,
2022-09-07,,844.547,,32.899,134.136,,,Itanagar,,,
2022-09-08,,835.099,,21.726,130.764,,,Itanagar,,,
2022-09-09,,817.683,,0.0,129.309,,,Itanagar,,,
2022-09-10,,801.992,,0.0,127.96,,,Itanagar,,,
2022-09-11,,743.948,,30.339,128.644,,,Itanagar,,,
2022-09-12,,753.596,,31.459,130.684,,,Itanagar,,,
2022-09-13,,749.832,,29.039,129.431,,,Itanagar,,,
2022-09-14,,750.88,,27.159,130.001,,,Itanagar,,,
2022-09-15,,737.889,,27.551,130.392,,,Itanagar,,,
2022-09-16,,696.885,,28.995,130.312,,,Itanagar,,,
2022-09-17,,721.178,,147.176,130.572,,,Itanagar,,,
2022-09-18,,728.453,,30.488,129.152,,,Itanagar,,,
2022-09-19,,776.886,,30.216,131.115,,,Itanagar,,,
2022-09-20,,773.666,,29.015,132.78,,,Itanagar,,,
2022-09-21,,758.905,,12.935,131.983,,,Itanagar,,,
2022-09-22,,725.41,,135.639,130.949,,,Itanagar,,,
2022-09-23,,712.898,,6.691,130.349,,,Itanagar,,,
2022-09-24,,702.931,,0.107,130.682,,,Itanagar,,,
2022-09-25,,704.662,,33.677,129.659,,,Itanagar,,,
2022-09-26,,771.567,,28.567,127.945,,,Itanagar,,,
2022-09-27,,775.001,,175.884,130.287,,,Itanagar,,,
2022-09-28,,778.927,,36.615,131.578,,,Itanagar,,,
2022-09-29,,788.469,,30.414,131.061,,,Itanagar,,,
2022-09-30,,787.874,,37.402,130.26,,,Itanagar,,,
2022-10-01,,761.263,,34.987,128.706,,,Itanagar,,,
2022-10-02,,728.023,,0.0,129.085,,,Itanagar,,,
2022-10-03,,772.906,,30.294,134.289,,,Itanagar,,,
2022-10-04,,792.312,,116.762,135.464,,,Itanagar,,,
2022-10-05,,750.299,,0.0,135.259,,,Itanagar,,,
2022-10-06,,761.133,,0.0,132.844,,,Itanagar,,,
2022-10-07,,759.145,,34.181,132.656,,,Itanagar,,,
2022-10-08,,763.343,,25.522,133.93,,,Itanagar,,,
2022-10-09,,735.924,,82.286,132.484,,,Itanagar,,,
2022-10-10,,756.523,,6.809,133.126,,,Itanagar,,,
2022-10-11,,750.228,,29.916,132.781,,,Itanagar,,,
2022-10-12,,763.253,,13.816,132.724,,,Itanagar,,,
2022-10-13,,763.475,,199.546,131.809,,,Itanagar,,,
2022-10-14,,760.739,,42.656,131.881,,,Itanagar,,,
2022-10-15,,750.699,,23.854,128.713,,,Itanagar,,,
2022-10-16,,724.12,,25.574,126.628,,,Itanagar,,,
2022-10-17,,783.91,,20.459,127.859,,,Itanagar,,,
2022-10-18,,789.552,,0.0,129.681,,,Itanagar,,,
2022-10-19,,788.386,,25.993,127.61,,,Itanagar,,,
2022-10-20,,786.595,,26.429,124.591,,,Itanagar,,,
2022-10-21,,773.25,,25.489,125.323,,,Itanagar,,,
2022-10-22,,750.625,,23.106,124.168,,,Itanagar,,,
2022-10-23,,708.791,,0.0,125.488,,,Itanagar,,,
2022-10-24,,668.128,,55.222,131.785,,,Itanagar,,,
2022-10-25,,649.921,,55.604,132.811,,,Itanagar,,,
2022-10-26,,693.518,,4.759,132.433,,,Itanagar,,,
2022-10-27,,734.505,,30.31,132.437,,,Itanagar,,,
2022-10-28,,751.332,,30.562,128.879,,,Itanagar,,,
2022-10-29,,756.256,,162.064,129.259,,,Itanagar,,,
2022-10-30,,731.407,,79.61,129.468,,,Itanagar,,,
2022-10-31,,746.658,,16.518,132.277,,,Itanagar,,,
2022-11-01,,767.705,,24.915,132.639,,,Itanagar,,,
2022-11-02,,783.139,,27.767,129.406,,,Itanagar,,,
2022-11-03,,772.162,,0.0,131.59,,,Itanagar,,,
2022-11-04,,783.086,,119.496,133.908,,,Itanagar,,,
2022-11-05,,778.831,,39.369,132.635,,,Itanagar,,,
2022-11-06,,765.936,,26.343,131.803,,,Itanagar,,,
2022-11-07,,778.408,,18.348,131.209,,,Itanagar,,,
2022-11-08,,782.528,,6.547,133.447,,,Itanagar,,,
2022-11-09,,781.39,,82.518,134.193,,,Itanagar,,,
2022-11-10,,779.244,,20.625,130.734,,,Itanagar,,,
2022-11-11,,778.828,,28.809,128.347,,,Itanagar,,,
2022-11-12,,757.06,,30.565,127.257,,,Itanagar,,,
2022-11-13,,738.412,,0.254,129.388,,,Itanagar,,,
2022-11-14,,744.309,,113.235,129.218,,,Itanagar,,,
2022-11-15,,766.514,,59.245,128.642,,,Itanagar,,,
2022-11-16,,778.001,,59.245,128.827,,,Itanagar,,,
2022-11-17,,784.559,,59.245,127.837,,,Itanagar,,,
2022-11-18,,786.542,,27.089,127.317,,,Itanagar,,,
2022-11-19,,786.014,,19.969,130.042,,,Itanagar,,,
2022-11-20,,754.355,,144.522,127.472,,,Itanagar,,,
2022-11-21,,781.29,,88.621,126.475,,,Itanagar,,,
2022-11-22,,793.525,,32.297,126.948,,,Itanagar,,,
2022-11-23,,792.077,,28.648,128.9,,,Itanagar,,,
2022-11-24,,790.81,,30.648,128.27,,,Itanagar,,,
2022-11-25,,791.709,,199.977,130.042,,,Itanagar,,,
2022-11-26,,792.366,,99.329,130.215,,,Itanagar,,,
2022-11-27,,775.187,,45.175,128.549,,,Itanagar,,,
2022-11-28,,796.795,,28.478,125.526,,,Itanagar,,,
2022-11-29,,784.14,,39.064,123.961,,,Itanagar,,,
2022-11-30,,782.403,,123.272,126.935,,,Itanagar,,,
2022-12-01,,777.014,,106.432,127.833,,,Itanagar,,,
2022-12-02,,790.0,,32.734,127.587,,,Itanagar,,,
2022-12-03,,793.473,,19.178,128.556,,,Itanagar,,,
2022-12-04,,766.18,,20.962,128.106,,,Itanagar,,,
2022-12-05,,783.155,,46.582,127.849,,,Itanagar,,,
2022-12-06,,799.297,,120.557,127.002,,,Itanagar,,,
2022-12-07,,811.954,,71.904,128.711,,,Itanagar,,,
2022-12-08,,792.93,,26.206,130.245,,,Itanagar,,,
2022-12-09,,788.53,,22.086,131.456,,,Itanagar,,,
2022-12-10,,758.412,,33.872,132.75,,,Itanagar,,,
2022-12-11,,734.193,,104.704,133.173,,,Itanagar,,,
2022-12-12,,770.118,,36.171,133.42,,,Itanagar,,,
2022-12-13,,769.975,,32.424,132.398,,,Itanagar,,,
2022-12-14,,772.852,,28.511,131.821,,,Itanagar,,,
2022-12-15,,789.328,,33.758,131.836,,,Itanagar,,,
2022-12-16,,806.351,,27.709,132.071,,,Itanagar,,,
2022-12-17,,814.662,,16.251,129.843,,,Itanagar,,,
2022-12-18,,796.525,,48.053,127.768,,,Itanagar,,,
2022-12-19,,822.805,,26.946,129.12,,,Itanagar,,,
2022-12-20,,826.689,,31.951,128.997,,,Itanagar,,,
2022-12-21,,827.219,,18.132,127.383,,,Itanagar,,,
2022-12-22,,829.065,,215.724,127.96,,,Itanagar,,,
2022-12-23,,841.658,,40.655,132.144,,,Itanagar,,,
2022-12-24,,836.48,,24.648,131.169,,,Itanagar,,,
2022-12-25,,808.851,,115.067,138.654,,,Itanagar,,,
2022-12-26,,823.63,,32.638,142.718,,,Itanagar,,,
2022-12-27,,838.983,,145.431,142.249,,,Itanagar,,,
2022-12-28,,852.909,,54.955,138.002,,,Itanagar,,,
2022-12-29,,857.886,,40.603,133.625,,,Itanagar,,,
2022-12-30,,850.567,,28.909,131.839,,,Itanagar,,,
2022-12-31,,842.107,,5.99,134.634,,,Itanagar,,,
2023-01-01,,817.308,,66.215,136.136,,,Itanagar,,,
2023-01-02,,839.27,,10.263,133.96,,,Itanagar,,,
2023-01-03,,837.571,,33.059,131.761,,,Itanagar,,,
2023-01-04,,823.93,,24.492,131.096,,,Itanagar,,,
2023-01-05,,834.715,,28.447,130.195,,,Itanagar,,,
2023-01-06,,840.011,,60.045,129.535,,,Itanagar,,,
2023-01-07,,846.523,,153.423,128.01,,,Itanagar,,,
2023-01-08,,837.236,,86.573,130.51,,,Itanagar,,,
2023-01-09,,846.456,,25.743,132.692,,,Itanagar,,,
2023-01-10,,847.383,,29.667,134.788,,,Itanagar,,,
2023-01-11,,858.679,,30.651,131.611,,,Itanagar,,,
2023-01-12,,859.529,,84.077,132.505,,,Itanagar,,,
2023-01-13,,864.08,,134.159,137.72,,,Itanagar,,,
2023-01-14,,836.74,,49.663,141.95,,,Itanagar,,,
2023-01-15,,803.911,,40.866,142.874,,,Itanagar,,,
2023-01-16,,825.609,,19.149,139.85,,,Itanagar,,,
2023-01-17,,839.287,,85.769,139.386,,,Itanagar,,,
2023-01-18,,852.538,,67.037,139.041,,,Itanagar,,,
2023-01-19,,844.737,,37.467,132.812,,,Itanagar,,,
2023-01-20,,854.478,,34.811,130.432,,,Itanagar,,,
2023-01-21,,843.798,,13.219,130.899,,,Itanagar,,,
2023-01-22,,821.966,,22.362,132.161,,,Itanagar,,,
2023-01-23,,827.616,,91.819,132.543,,,Itanagar,,,
2023-01-24,,838.264,,37.395,135.202,,,Itanagar,,,
2023-01-25,,832.002,,13.889,134.883,,,Itanagar,,,
2023-01-26,,772.972,,17.724,134.399,,,Itanagar,,,
2023-01-27,,799.292,,21.571,133.201,,,Itanagar,,,
2023-01-28,,826.303,,61.016,132.581,,,Itanagar,,,
2023-01-29,,807.97,,69.405,134.435,,,Itanagar,,,
2023-01-30,,814.758,,42.23,132.157,,,Itanagar,,,
2023-01-31,,816.534,,35.441,132.055,,,Itanagar,,,
2023-02-01,,811.471,,0.0,134.992,,,Itanagar,,,
2023-02-02,,823.02,,149.81,132.765,,,Itanagar,,,
2023-02-03,,849.715,,77.0,131.313,,,Itanagar,,,
2023-02-04,,845.639,,78.394,126.111,,,Itanagar,,,
2023-02-05,,826.986,,29.014,128.33,,,Itanagar,,,
2023-02-06,,831.767,,40.805,130.557,,,Itanagar,,,
2023-02-07,,848.045,,50.279,138.02,,,Itanagar,,,
2023-02-08,,869.007,,163.238,141.749,,,Itanagar,,,
2023-02-09,,854.101,,35.544,139.057,,,Itanagar,,,
2023-02-10,,855.847,,58.601,138.774,,,Itanagar,,,
2023-02-11,,860.718,,0.0,143.037,,,Itanagar,,,
2023-02-12,,818.767,,17.443,144.082,,,Itanagar,,,
2023-02-13,,859.97,,191.151,137.456,,,Itanagar,,,
2023-02-14,,876.113,,136.556,131.727,,,Itanagar,,,
2023-02-15,,862.056,,44.921,129.732,,,Itanagar,,,
2023-02-16,,859.708,,38.32,129.031,,,Itanagar,,,
2023-02-17,,872.365,,47.964,129.603,,,Itanagar,,,
2023-02-18,,865.025,,266.332,129.117,,,Itanagar,,,
2023-02-19,,842.569,,201.071,130.747,,,Itanagar,,,
2023-02-20,,870.227,,29.246,134.617,,,Itanagar,,,
2023-02-21,,877.367,,0.213,140.71,,,Itanagar,,,
2023-02-22,,872.068,,37.75,145.325,,,Itanagar,,,
2023-02-23,,883.185,,0.0,144.469,,,Itanagar,,,
2023-02-24,,888.356,,97.471,142.696,,,Itanagar,,,
2023-02-25,,869.713,,41.633,133.274,,,Itanagar,,,
2023-02-26,,855.927,,16.833,130.441,,,Itanagar,,,
2023-02-27,,887.641,,21.202,132.476,,,Itanagar,,,
2023-02-28,,879.47,,34.048,136.752,,,Itanagar,,,
2023-03-01,,861.661,,57.202,131.943,,,Itanagar,,,
2023-03-02,,861.673,,46.926,133.427,,,Itanagar,,,
2023-03-03,,876.499,,7.889,132.003,,,Itanagar,,,
2023-03-04,,869.205,,40.881,131.63,,,Itanagar,,,
2023-03-05,,841.075,,44.891,130.423,,,Itanagar,,,
2023-03-06,,856.898,,176.543,136.414,,,Itanagar,,,
2023-03-07,,809.532,,171.048,138.682,,,Itanagar,,,
2023-03-08,,790.598,,2.99,130.468,,,Itanagar,,,
2023-03-09,,819.726,,27.114,128.91,,,Itanagar,,,
2023-03-10,,867.677,,39.959,129.801,,,Itanagar,,,
2023-03-11,,874.747,,21.236,130.691,,,Itanagar,,,
2023-03-12,,857.501,,52.006,128.276,,,Itanagar,,,
2023-03-13,,902.139,,58.446,126.666,,,Itanagar,,,
2023-03-14,,904.952,,16.672,124.988,,,Itanagar,,,
2023-03-15,,903.089,,9.868,138.194,,,Itanagar,,,
2023-03-16,,885.235,,45.874,141.602,,,Itanagar,,,
2023-03-17,,835.079,,133.852,134.671,,,Itanagar,,,
2023-03-18,,788.999,,47.801,137.361,,,Itanagar,,,
2023-03-19,,734.75,,0.0,140.619,,,Itanagar,,,
2023-03-20,,788.162,,21.534,141.704,,,Itanagar,,,
2023-03-21,,817.057,,0.0,143.558,,,Itanagar,,,
2023-03-22,,837.695,,199.551,143.923,,,Itanagar,,,
2023-03-23,,855.56,,22.828,143.473,,,Itanagar,,,
2023-03-24,,859.066,,0.0,139.949,,,Itanagar,,,
2023-03-25,,877.956,,3.759,137.094,,,Itanagar,,,
2023-03-26,,847.28,,5.31,143.833,,,Itanagar,,,
2023-03-27,,878.287,,150.304,144.266,,,Itanagar,,,
2023-03-28,,886.234,,249.807,143.989,,,Itanagar,,,
2023-03-29,,895.171,,115.12,138.835,,,Itanagar,,,
2023-03-30,,887.543,,3.533,135.857,,,Itanagar,,,
2023-03-31,,855.777,,29.141,133.414,,,Itanagar,,,
2023-04-01,,817.002,,0.0,140.914,,,Itanagar,,,
2023-04-02,,809.738,,212.224,143.529,,,Itanagar,,,
2023-04-03,,844.223,,1.45,143.211,,,Itanagar,,,
2023-04-04,,879.508,,23.016,141.605,,,Itanagar,,,
2023-04-05,,883.631,,40.143,142.269,,,Itanagar,,,
2023-04-06,,893.215,,41.368,141.548,,,Itanagar,,,
2023-04-07,,907.47,,36.148,133.48,,,Itanagar,,,
2023-04-08,,890.072,,49.344,132.873,,,Itanagar,,,
2023-04-09,,865.884,,39.848,133.187,,,Itanagar,,,
2023-04-10,,904.949,,34.634,136.935,,,Itanagar,,,
2023-04-11,,919.864,,3.831,132.641,,,Itanagar,,,
2023-04-12,,928.267,,70.706,129.043,,,Itanagar,,,
2023-04-13,,938.139,,243.448,128.35,,,Itanagar,,,
2023-04-14,,930.774,,232.791,131.209,,,Itanagar,,,
2023-04-15,,924.623,,161.143,132.385,,,Itanagar,,,
2023-04-16,,889.72,,85.39,135.726,,,Itanagar,,,
2023-04-17,,915.026,,166.284,137.389,,,Itanagar,,,
2023-04-18,,936.514,,233.027,134.309,,,Itanagar,,,
2023-04-19,,925.109,,247.004,137.976,,,Itanagar,,,
2023-04-20,,912.168,,230.199,141.046,,,Itanagar,,,
2023-04-21,,893.333,,28.513,144.956,,,Itanagar,,,
2023-04-22,,869.247,,0.333,141.863,,,Itanagar,,,
2023-04-23,,797.214,,0.0,142.831,,,Itanagar,,,
2023-04-24,,850.005,,42.921,134.905,,,Itanagar,,,
2023-04-25,,891.703,,24.45,132.161,,,Itanagar,,,
2023-04-26,,895.436,,36.239,133.841,,,Itanagar,,,
2023-04-27,,904.112,,42.914,137.453,,,Itanagar,,,
2023-04-28,,903.095,,37.738,136.682,,,Itanagar,,,
2023-04-29,,870.078,,1.549,136.143,,,Itanagar,,,
2023-04-30,,787.905,,24.514,131.726,,,Itanagar,,,
2023-05-01,,742.084,,7.946,137.352,,,Itanagar,,,
2023-05-02,,771.201,,35.543,139.338,,,Itanagar,,,
2023-05-03,,805.929,,5.936,140.407,,,Itanagar,,,
2023-05-04,,799.967,,1.818,140.104,,,Itanagar,,,
2023-05-05,,831.545,,31.597,140.34,,,Itanagar,,,
2023-05-06,,847.767,,73.553,139.866,,,Itanagar,,,
2023-05-07,,820.302,,37.028,135.987,,,Itanagar,,,
2023-05-08,,850.739,,34.931,133.944,,,Itanagar,,,
2023-05-09,,876.497,,36.777,134.452,,,Itanagar,,,
2023-05-10,,883.996,,113.479,134.564,,,Itanagar,,,
2023-05-11,,896.406,,177.583,133.773,,,Itanagar,,,
2023-05-12,,892.751,,40.452,130.046,,,Itanagar,,,
2023-05-13,,884.652,,23.387,125.197,,,Itanagar,,,
2023-05-14,,837.329,,0.0,128.78,,,Itanagar,,,
2023-05-15,,855.667,,14.532,136.144,,,Itanagar,,,
2023-05-16,,891.771,,2.886,140.601,,,Itanagar,,,
2023-05-17,,916.71,,0.559,142.266,,,Itanagar,,,
2023-05-18,,883.017,,46.397,139.666,,,Itanagar,,,
2023-05-19,,923.957,,5.468,141.626,,,Itanagar,,,
2023-05-20,,914.027,,41.017,140.629,,,Itanagar,,,
2023-05-21,,884.757,,53.631,141.359,,,Itanagar,,,
2023-05-22,,907.956,,17.237,139.299,,,Itanagar,,,
2023-05-23,,912.784,,36.052,135.619,,,Itanagar,,,
2023-05-24,,847.453,,0.0,136.754,,,Itanagar,,,
2023-05-25,,805.68,,40.963,135.218,,,Itanagar,,,
2023-05-26,,770.514,,34.222,136.209,,,Itanagar,,,
2023-05-27,,792.804,,0.0,135.419,,,Itanagar,,,
2023-05-28,,832.022,,33.501,132.277,,,Itanagar,,,
2023-05-29,,874.738,,32.097,132.75,,,Itanagar,,,
2023-05-30,,886.576,,36.448,135.329,,,Itanagar,,,
2023-05-31,,865.543,,136.459,132.71,,,Itanagar,,,
2023-06-01,,843.821,,136.652,139.194,,,Itanagar,,,
2023-06-02,,860.558,,37.086,138.9,,,Itanagar,,,
2023-06-03,,896.909,,37.118,136.238,,,Itanagar,,,
2023-06-04,,832.327,,27.935,136.71,,,Itanagar,,,
2023-06-05,,880.799,,144.46,137.287,,,Itanagar,,,
2023-06-06,,889.935,,47.34,133.008,,,Itanagar,,,
2023-06-07,,905.436,,32.398,131.135,,,Itanagar,,,
2023-06-08,,915.781,,38.964,135.309,,,Itanagar,,,
2023-06-09,,907.478,,0.0,142.966,,,Itanagar,,,
2023-06-10,,872.106,,0.0,142.385,,,Itanagar,,,
2023-06-11,,836.999,,0.0,141.726,,,Itanagar,,,
2023-06-12,,871.621,,34.833,139.559,,,Itanagar,,,
2023-06-13,,869.072,,14.107,137.896,,,Itanagar,,,
2023-06-14,,851.019,,0.0,140.006,,,Itanagar,,,
2023-06-15,,859.523,,0.0,138.164,,,Itanagar,,,
2023-06-16,,887.29,,0.0,138.601,,,Itanagar,,,
2023-06-17,,869.701,,37.17,137.701,,,Itanagar,,,
2023-06-18,,826.961,,33.036,136.478,,,Itanagar,,,
2023-06-19,,854.494,,23.809,138.179,,,Itanagar,,,
2023-06-20,,863.445,,0.0,137.957,,,Itanagar,,,
2023-06-21,,875.495,,0.111,138.235,,,Itanagar,,,
2023-06-22,,880.905,,0.252,137.88,,,Itanagar,,,
2023-06-23,,879.488,,97.333,136.649,,,Itanagar,,,
2023-06-24,,853.543,,29.081,135.683,,,Itanagar,,,
2023-06-25,,778.122,,28.216,136.653,,,Itanagar,,,
2023-06-26,,782.942,,27.313,134.358,,,Itanagar,,,
2023-06-27,,808.869,,29.777,136.484,,,Itanagar,,,
2023-06-28,,796.05,,28.836,135.136,,,Itanagar,,,
2023-06-29,,775.183,,0.096,133.438,,,Itanagar,,,
2023-06-30,,755.449,,22.298,135.336,,,Itanagar,,,
2023-07-01,,790.876,,31.178,136.536,,,Itanagar,,,
2023-07-02,,785.985,,0.0,137.472,,,Itanagar,,,
2023-07-03,,845.072,,0.0,138.481,,,Itanagar,,,
2023-07-04,,853.277,,46.887,137.485,,,Itanagar,,,
2023-07-05,,829.883,,30.692,136.992,,,Itanagar,,,
2023-07-06,,799.218,,0.383,137.091,,,Itanagar,,,
2023-07-07,,810.31,,28.48,138.967,,,Itanagar,,,
2023-07-08,,775.901,,70.434,137.005,,,Itanagar,,,
2023-07-09,,766.234,,12.227,139.71,,,Itanagar,,,
2023-07-10,,835.744,,24.83,140.656,,,Itanagar,,,
2023-07-11,,841.664,,0.0,138.076,,,Itanagar,,,
2023-07-12,,858.525,,0.0,138.874,,,Itanagar,,,
2023-07-13,,846.412,,0.0,135.732,,,Itanagar,,,
2023-07-14,,839.142,,37.29,137.074,,,Itanagar,,,
2023-07-15,,824.103,,28.875,137.03,,,Itanagar,,,
2023-07-16,,795.729,,0.0,137.374,,,Itanagar,,,
2023-07-17,,829.455,,0.0,133.329,,,Itanagar,,,
2023-07-18,,822.326,,148.166,132.019,,,Itanagar,,,
2023-07-19,,806.695,,148.166,133.998,,,Itanagar,,,
2023-07-20,,833.919,,148.166,134.386,,,Itanagar,,,
2023-07-21,,847.418,,0.0,136.496,,,Itanagar,,,
2023-07-22,,805.663,,15.977,134.101,,,Itanagar,,,
2023-07-23,,764.14,,29.158,131.618,,,Itanagar,,,
2023-07-24,,813.662,,0.0,134.027,,,Itanagar,,,
2023-07-25,,819.611,,17.954,133.888,,,Itanagar,,,
2023-07-26,,780.386,,0.0,132.227,,,Itanagar,,,
2023-07-27,,768.18,,15.576,132.237,,,Itanagar,,,
2023-07-28,,742.62,,0.0,130.59,,,Itanagar,,,
2023-07-29,,713.619,,22.875,130.599,,,Itanagar,,,
2023-07-30,,722.147,,26.163,126.685,,,Itanagar,,,
2023-07-31,,780.37,,25.119,129.0,,,Itanagar,,,
2023-08-01,,776.632,,15.739,127.758,,,Itanagar,,,
2023-08-02,,757.98,,0.0,129.991,,,Itanagar,,,
2023-08-03,,767.273,,0.0,131.274,,,Itanagar,,,
2023-08-04,,794.608,,0.0,133.191,,,Itanagar,,,
2023-08-05,,815.405,,27.385,132.886,,,Itanagar,,,
2023-08-06,,767.699,,0.0,132.92,,,Itanagar,,,
2023-08-07,,777.908,,32.13,132.377,,,Itanagar,,,
2023-08-08,,812.374,,27.121,132.101,,,Itanagar,,,
2023-08-09,,836.497,,35.029,132.335,,,Itanagar,,,
2023-08-10,,845.995,,2.871,132.671,,,Itanagar,,,
2023-08-11,,880.361,,27.394,133.442,,,Itanagar,,,
2023-08-12,,851.113,,0.0,133.977,,,Itanagar,,,
2023-08-13,,825.958,,27.343,132.894,,,Itanagar,,,
2023-08-14,,859.732,,62.675,133.875,,,Itanagar,,,
2023-08-15,,848.609,,6.333,132.925,,,Itanagar,,,
2023-08-16,,880.413,,33.976,134.359,,,Itanagar,,,
2023-08-17,,884.615,,35.27,131.539,,,Itanagar,,,
2023-08-18,,875.333,,0.0,133.281,,,Itanagar,,,
2023-08-19,,854.584,,0.0,135.833,,,Itanagar,,,
2023-08-20,,851.052,,11.776,135.598,,,Itanagar,,,
2023-08-21,,878.47,,0.0,135.304,,,Itanagar,,,
2023-08-22,,882.069,,0.0,134.361,,,Itanagar,,,
2023-08-23,,839.933,,33.025,132.602,,,Itanagar,,,
2023-08-24,,831.578,,2.386,136.037,,,Itanagar,,,
2023-08-25,,857.302,,34.445,134.602,,,Itanagar,,,
2023-08-26,,861.116,,6.674,137.076,,,Itanagar,,,
2023-08-27,,843.818,,0.0,136.151,,,Itanagar,,,
2023-08-28,,861.757,,16.007,134.63,,,Itanagar,,,
2023-08-29,,902.173,,90.353,132.993,,,Itanagar,,,
2023-08-30,,919.89,,51.289,131.449,,,Itanagar,,,
2023-08-31,,928.218,,69.086,132.125,,,Itanagar,,,
2023-09-01,,936.649,,30.445,133.813,,,Itanagar,,,
2023-09-02,,921.241,,31.243,135.25,,,Itanagar,,,
2023-09-03,,896.229,,19.379,133.868,,,Itanagar,,,
2023-09-04,,881.221,,83.614,133.474,,,Itanagar,,,
2023-09-05,,898.118,,36.346,133.638,,,Itanagar,,,
2023-09-06,,885.45,,15.596,136.35,,,Itanagar,,,
2023-09-07,,838.078,,33.568,134.327,,,Itanagar,,,
2023-09-08,,821.683,,0.0,134.614,,,Itanagar,,,
2023-09-09,,806.051,,163.365,136.482,,,Itanagar,,,
2023-09-10,,771.038,,148.943,134.713,,,Itanagar,,,
2023-09-11,,822.241,,35.347,136.16,,,Itanagar,,,
2023-09-12,,855.78,,35.91,136.895,,,Itanagar,,,
2023-09-13,,881.601,,23.952,137.045,,,Itanagar,,,
2023-09-14,,913.54,,30.059,136.204,,,Itanagar,,,
2023-09-15,,887.873,,164.921,136.699,,,Itanagar,,,
2023-09-16,,835.192,,40.768,135.729,,,Itanagar,,,
2023-09-17,,764.716,,29.981,132.34,,,Itanagar,,,
2023-09-18,,789.134,,0.017,131.566,,,Itanagar,,,
2023-09-19,,810.453,,0.0,131.914,,,Itanagar,,,
2023-09-20,,842.19,,144.394,137.239,,,Itanagar,,,
2023-09-21,,855.235,,0.0,135.87,,,Itanagar,,,
2023-09-22,,844.326,,5.836,137.053,,,Itanagar,,,
2023-09-23,,809.011,,10.446,135.084,,,Itanagar,,,
2023-09-24,,749.926,,32.492,133.895,,,Itanagar,,,
2023-09-25,,798.883,,29.015,136.177,,,Itanagar,,,
2023-09-26,,841.011,,31.15,135.526,,,Itanagar,,,
2023-09-27,,853.446,,30.899,135.041,,,Itanagar,,,
2023-09-28,,849.552,,27.778,134.039,,,Itanagar,,,
2023-09-29,,860.698,,16.354,135.307,,,Itanagar,,,
2023-09-30,,842.763,,29.06,137.152,,,Itanagar,,,
2023-10-01,,798.859,,60.438,138.674,,,Itanagar,,,
2023-10-02,,793.225,,29.639,137.234,,,Itanagar,,,
2023-10-03,,824.848,,27.097,140.55,,,Itanagar,,,
2023-10-04,,843.666,,12.965,139.952,,,Itanagar,,,
2023-10-05,,850.722,,0.0,140.29,,,Itanagar,,,
2023-10-06,,858.743,,46.457,139.054,,,Itanagar,,,
2023-10-07,,869.484,,22.948,138.801,,,Itanagar,,,
2023-10-08,,870.58,,65.594,140.189,,,Itanagar,,,
2023-10-09,,885.939,,31.099,139.257,,,Itanagar,,,
2023-10-10,,896.833,,39.132,135.648,,,Itanagar,,,
2023-10-11,,913.246,,32.831,135.143,,,Itanagar,,,
2023-10-12,,918.017,,108.264,137.249,,,Itanagar,,,
2023-10-13,,914.93,,32.017,135.759,,,Itanagar,,,
2023-10-14,,911.233,,31.913,138.001,,,Itanagar,,,
2023-10-15,,880.249,,20.091,135.273,,,Itanagar,,,
2023-10-16,,886.072,,33.132,131.888,,,Itanagar,,,
2023-10-17,,855.322,,98.488,129.744,,,Itanagar,,,
2023-10-18,,885.541,,31.69,129.956,,,Itanagar,,,
2023-10-19,,896.656,,25.631,131.966,,,Itanagar,,,
2023-10-20,,895.911,,0.247,130.022,,,Itanagar,,,
2023-10-21,,883.288,,0.0,129.572,,,Itanagar,,,
2023-10-22,,850.705,,75.805,130.26,,,Itanagar,,,
2023-10-23,,847.495,,35.463,128.309,,,Itanagar,,,
2023-10-24,,826.184,,0.026,128.69,,,Itanagar,,,
2023-10-25,,858.203,,24.744,131.224,,,Itanagar,,,
2023-10-26,,884.715,,30.248,133.762,,,Itanagar,,,
2023-10-27,,885.385,,251.844,133.2,,,Itanagar,,,
2023-10-28,,889.107,,35.679,132.298,,,Itanagar,,,
2023-10-29,,857.04,,28.018,133.879,,,Itanagar,,,
2023-10-30,,872.944,,25.782,133.645,,,Itanagar,,,
2023-10-31,,886.746,,29.977,130.26,,,Itanagar,,,
2023-11-01,,893.944,,34.251,130.422,,,Itanagar,,,
2023-11-02,,890.147,,38.98,129.033,,,Itanagar,,,
2023-11-03,,898.156,,28.855,131.073,,,Itanagar,,,
2023-11-04,,884.651,,27.928,136.518,,,Itanagar,,,
2023-11-05,,855.923,,4.322,137.366,,,Itanagar,,,
2023-11-06,,870.13,,28.669,134.452,,,Itanagar,,,
2023-11-07,,875.66,,86.007,130.431,,,Itanagar,,,
2023-11-08,,879.644,,31.767,127.759,,,Itanagar,,,
2023-11-09,,875.035,,28.867,129.805,,,Itanagar,,,
2023-11-10,,844.412,,31.623,130.087,,,Itanagar,,,
2023-11-11,,796.042,,15.569,129.465,,,Itanagar,,,
2023-11-12,,722.059,,145.896,127.585,,,Itanagar,,,
2023-11-13,,708.425,,50.642,126.854,,,Itanagar,,,
2023-11-14,,754.029,,49.196,126.554,,,Itanagar,,,
2023-11-15,,779.579,,24.914,125.231,,,Itanagar,,,
2023-11-16,,801.346,,0.0,124.057,,,Itanagar,,,
2023-11-17,,813.096,,5.757,134.793,,,Itanagar,,,
2023-11-18,,832.302,,27.507,137.138,,,Itanagar,,,
2023-11-19,,804.081,,28.656,135.819,,,Itanagar,,,
2023-11-20,,819.841,,28.672,135.782,,,Itanagar,,,
2023-11-21,,841.359,,16.859,135.428,,,Itanagar,,,
2023-11-22,,852.897,,16.859,135.619,,,Itanagar,,,
2023-11-23,,860.372,,66.237,136.847,,,Itanagar,,,
2023-11-24,,837.712,,0.0,133.473,,,Itanagar,,,
2023-11-25,,815.226,,29.381,131.082,,,Itanagar,,,
2023-11-26,,764.504,,31.099,130.505,,,Itanagar,,,
2023-11-27,,764.752,,36.452,131.744,,,Itanagar,,,
2023-11-28,,770.817,,173.981,132.342,,,Itanagar,,,
2023-11-29,,776.401,,67.575,134.098,,,Itanagar,,,
2023-11-30,,757.277,,19.861,132.76,,,Itanagar,,,
2023-12-01,,761.076,,37.162,128.576,,,Itanagar,,,
2023-12-02,,748.339,,0.0,126.185,,,Itanagar,,,
2023-12-03,,725.818,,61.019,125.97,,,Itanagar,,,
2023-12-04,,733.715,,166.689,126.537,,,Itanagar,,,
2023-12-05,,734.523,,23.752,126.794,,,Itanagar,,,
2023-12-06,,758.868,,35.778,128.417,,,Itanagar,,,
2023-12-07,,778.577,,0.0,135.395,,,Itanagar,,,
2023-12-08,,791.579,,0.055,144.079,,,Itanagar,,,
2023-12-09,,785.887,,211.341,140.158,,,Itanagar,,,
2023-12-10,,757.924,,35.466,137.902,,,Itanagar,,,
2023-12-11,,792.005,,16.101,137.352,,,Itanagar,,,
2023-12-12,,806.689,,25.846,134.904,,,Itanagar,,,
2023-12-13,,807.012,,9.205,136.123,,,Itanagar,,,
2023-12-14,,801.659,,96.091,141.115,,,Itanagar,,,
2023-12-15,,812.852,,45.606,136.349,,,Itanagar,,,
2023-12-16,,810.16,,33.763,135.157,,,Itanagar,,,
2023-12-17,,769.209,,31.424,134.711,,,Itanagar,,,
2023-12-18,,778.46,,13.01,132.772,,,Itanagar,,,
2023-12-19,,805.738,,256.03,131.006,,,Itanagar,,,
2023-12-20,,824.819,,154.966,132.642,,,Itanagar,,,
2023-12-21,,832.142,,47.312,132.969,,,Itanagar,,,
2023-12-22,,851.561,,29.284,129.296,,,Itanagar,,,
2023-12-23,,830.456,,0.0,130.882,,,Itanagar,,,
2023-12-24,,792.159,,19.614,130.929,,,Itanagar,,,
2023-12-25,,817.468,,50.389,130.937,,,Itanagar,,,
2023-12-26,,836.75,,24.593,136.036,,,Itanagar,,,
2023-12-27,,833.753,,25.712,132.825,,,Itanagar,,,
2023-12-28,,825.02,,27.614,130.631,,,Itanagar,,,
2023-12-29,,840.169,,66.167,132.396,,,Itanagar,,,
2023-12-30,,850.517,,186.084,134.384,,,Itanagar,,,
2023-12-31,,822.408,,60.596,132.829,,,Itanagar,,,
2024-01-01,,836.962,,60.596,129.938,,,Itanagar,,,
2024-01-02,,854.814,,30.051,131.255,,,Itanagar,,,
2024-01-03,,870.11,,14.856,128.824,,,Itanagar,,,
2024-01-04,,868.531,,71.928,125.947,,,Itanagar,,,
2024-01-05,,873.547,,32.611,128.015,,,Itanagar,,,
2024-01-06,,853.649,,25.3,127.416,,,Itanagar,,,
2024-01-07,,816.785,,31.56,127.519,,,Itanagar,,,
2024-01-08,,846.214,,32.648,131.175,,,Itanagar,,,
2024-01-09,,844.821,,68.848,134.094,,,Itanagar,,,
2024-01-10,,860.12,,41.847,135.686,,,Itanagar,,,
2024-01-11,,864.379,,35.01,136.099,,,Itanagar,,,
2024-01-12,,878.818,,17.474,136.383,,,Itanagar,,,
2024-01-13,,890.087,,32.195,138.35,,,Itanagar,,,
2024-01-14,,851.119,,17.803,137.583,,,Itanagar,,,
2024-01-15,,854.272,,177.44,132.161,,,Itanagar,,,
2024-01-16,,880.002,,1.887,127.397,,,Itanagar,,,
2024-01-17,,891.308,,28.254,132.818,,,Itanagar,,,
2024-01-18,,891.041,,37.684,137.851,,,Itanagar,,,
2024-01-19,,896.29,,19.475,132.69,,,Itanagar,,,
2024-01-20,,901.873,,94.551,132.977,,,Itanagar,,,
2024-01-21,,883.467,,9.787,130.615,,,Itanagar,,,
2024-01-22,,884.265,,27.322,129.351,,,Itanagar,,,
2024-01-23,,895.269,,33.92,129.427,,,Itanagar,,,
2024-01-24,,894.806,,28.651,129.705,,,Itanagar,,,
2024-01-25,,831.99,,1.34,130.584,,,Itanagar,,,
2024-01-26,,772.972,,43.002,133.099,,,Itanagar,,,
2024-01-27,,799.28,,127.612,136.741,,,Itanagar,,,
2024-01-28,,826.279,,22.212,133.051,,,Itanagar,,,
2024-01-29,,807.965,,33.554,130.58,,,Itanagar,,,
2024-01-30,,814.771,,16.716,129.03,,,Itanagar,,,
2024-01-31,,816.527,,51.561,137.406,,,Itanagar,,,
2024-02-01,,811.47,,44.827,136.312,,,Itanagar,,,
2024-02-02,,823.023,,45.008,142.235,,,Itanagar,,,
2024-02-03,,849.718,,8.936,142.069,,,Itanagar,,,
2024-02-04,,845.638,,26.035,137.415,,,Itanagar,,,
2024-02-05,,826.99,,0.0,143.356,,,Itanagar,,,
2024-02-06,,831.768,,197.662,144.258,,,Itanagar,,,
2024-02-07,,848.042,,33.551,140.749,,,Itanagar,,,
2024-02-08,,868.995,,6.326,140.986,,,Itanagar,,,
2024-02-09,,854.098,,25.579,135.172,,,Itanagar,,,
2024-02-10,,855.848,,61.464,134.079,,,Itanagar,,,
2024-02-11,,860.713,,107.335,129.447,,,Itanagar,,,
2024-02-12,,818.765,,33.674,128.822,,,Itanagar,,,
2024-02-13,,859.985,,8.116,128.658,,,Itanagar,,,
2024-02-14,,876.109,,29.984,129.78,,,Itanagar,,,
2024-02-15,,862.061,,0.0,133.795,,,Itanagar,,,
2024-02-16,,859.709,,129.503,133.352,,,Itanagar,,,
2024-02-17,,872.372,,31.415,133.329,,,Itanagar,,,
2024-02-18,,865.023,,35.953,134.816,,,Itanagar,,,
2024-02-19,,842.556,,20.997,134.076,,,Itanagar,,,
2024-02-20,,870.237,,0.0,137.163,,,Itanagar,,,
2024-02-21,,877.383,,67.831,142.23,,,Itanagar,,,
2024-02-22,,872.072,,35.303,143.032,,,Itanagar,,,
2024-02-23,,883.173,,46.452,135.583,,,Itanagar,,,
2024-02-24,,888.355,,38.163,137.459,,,Itanagar,,,
2024-02-25,,869.7,,27.86,137.421,,,Itanagar,,,
2024-02-26,,855.931,,0.0,130.772,,,Itanagar,,,
2024-02-27,,887.672,,30.276,129.119,,,Itanagar,,,
2024-02-28,,879.474,,47.063,127.885,,,Itanagar,,,
2024-02-29,,786.358,,13.44,129.57,,,Itanagar,,,
2024-03-01,,861.676,,5.693,133.716,,,Itanagar,,,
2024-03-02,,861.691,,0.049,132.775,,,Itanagar,,,
2024-03-03,,876.484,,183.53,136.69,,,Itanagar,,,
2024-03-04,,869.218,,51.065,139.331,,,Itanagar,,,
2024-03-05,,841.079,,42.363,135.442,,,Itanagar,,,
2024-03-06,,856.895,,94.329,131.693,,,Itanagar,,,
2024-03-07,,809.535,,11.82,136.115,,,Itanagar,,,
2024-03-08,,790.591,,163.864,130.86,,,Itanagar,,,
2024-03-09,,819.719,,187.563,131.974,,,Itanagar,,,
2024-03-10,,867.675,,23.137,126.679,,,Itanagar,,,
2024-03-11,,874.734,,13.935,125.207,,,Itanagar,,,
2024-03-12,,857.514,,0.0,130.132,,,Itanagar,,,
2024-03-13,,902.136,,29.922,137.013,,,Itanagar,,,
2024-03-14,,904.929,,48.306,139.165,,,Itanagar,,,
2024-03-15,,903.103,,47.777,135.99,,,Itanagar,,,
2024-03-16,,885.238,,32.849,133.843,,,Itanagar,,,
2024-03-17,,835.074,,11.255,129.406,,,Itanagar,,,
2024-03-18,,789.002,,6.756,127.159,,,Itanagar,,,
2024-03-19,,734.753,,318.622,124.145,,,Itanagar,,,
2024-03-20,,788.156,,0.0,135.963,,,Itanagar,,,
2024-03-21,,817.05,,0.0,135.454,,,Itanagar,,,
2024-03-22,,837.682,,15.885,141.738,,,Itanagar,,,
2024-03-23,,855.57,,15.885,144.592,,,Itanagar,,,
2024-03-24,,859.067,,15.885,138.149,,,Itanagar,,,
2024-03-25,,877.966,,29.038,137.455,,,Itanagar,,,
2024-03-26,,847.285,,0.0,141.342,,,Itanagar,,,
2024-03-27,,878.295,,1.138,134.316,,,Itanagar,,,
2024-03-28,,886.234,,0.0,132.087,,,Itanagar,,,
2024-03-29,,895.165,,31.828,131.326,,,Itanagar,,,
2024-03-30,,887.558,,72.645,132.137,,,Itanagar,,,
2024-03-31,,855.777,,111.471,142.667,,,Itanagar,,,
2024-04-01,,816.985,,120.193,144.451,,,Itanagar,,,
2024-04-02,,809.74,,7.764,143.315,,,Itanagar,,,
2024-04-03,,844.223,,0.0,139.983,,,Itanagar,,,
2024-04-04,,879.509,,124.71,139.295,,,Itanagar,,,
2024-04-05,,883.638,,225.401,141.979,,,Itanagar,,,
2024-04-06,,893.214,,67.464,145.244,,,Itanagar,,,
2024-04-07,,907.466,,40.987,134.631,,,Itanagar,,,
2024-04-08,,890.061,,31.333,138.045,,,Itanagar,,,
2024-04-09,,865.879,,236.606,135.637,,,Itanagar,,,
2024-04-10,,904.953,,92.194,130.528,,,Itanagar,,,
2024-04-11,,919.855,,12.992,127.947,,,Itanagar,,,
2024-04-12,,928.255,,51.184,130.731,,,Itanagar,,,
2024-04-13,,938.134,,0.0,130.854,,,Itanagar,,,
2024-04-14,,930.76,,9.408,131.46,,,Itanagar,,,
2024-04-15,,924.626,,128.487,133.028,,,Itanagar,,,
2024-04-16,,889.741,,0.358,138.847,,,Itanagar,,,
2024-04-17,,915.023,,42.879,141.121,,,Itanagar,,,
2024-04-18,,936.514,,0.777,135.952,,,Itanagar,,,
2024-04-19,,925.112,,0.0,138.466,,,Itanagar,,,
2024-04-20,,912.162,,57.612,139.003,,,Itanagar,,,
2024-04-21,,893.336,,361.711,141.446,,,Itanagar,,,
2024-04-22,,869.247,,194.008,142.092,,,Itanagar,,,
2024-04-23,,797.213,,38.003,139.649,,,Itanagar,,,
2024-04-24,,849.991,,49.88,143.234,,,Itanagar,,,
2024-04-25,,891.696,,148.253,137.454,,,Itanagar,,,
2024-04-26,,895.442,,272.876,138.07,,,Itanagar,,,
2024-04-27,,904.119,,62.034,137.294,,,Itanagar,,,
2024-04-28,,903.091,,40.299,143.804,,,Itanagar,,,
2024-04-29,,870.091,,167.046,138.03,,,Itanagar,,,
2024-04-30,,787.9,,0.0,138.84,,,Itanagar,,,
2024-05-01,,742.07,,352.391,140.916,,,Itanagar,,,
2024-05-02,,771.214,,200.716,139.601,,,Itanagar,,,
2024-05-03,,805.93,,281.642,133.784,,,Itanagar,,,
2024-05-04,,799.96,,0.135,129.054,,,Itanagar,,,
2024-05-05,,831.539,,0.0,137.113,,,Itanagar,,,
2024-05-06,,847.758,,181.346,137.992,,,Itanagar,,,
2024-05-07,,820.292,,43.963,135.342,,,Itanagar,,,
2024-05-08,,850.732,,54.691,133.896,,,Itanagar,,,
2024-05-09,,876.506,,33.279,135.232,,,Itanagar,,,
2024-05-10,,884.001,,21.925,136.281,,,Itanagar,,,
2024-05-11,,896.383,,69.477,138.887,,,Itanagar,,,
2024-05-12,,892.758,,39.367,136.404,,,Itanagar,,,
2024-05-13,,884.657,,53.34,135.666,,,Itanagar,,,
2024-05-14,,837.338,,38.391,137.739,,,Itanagar,,,
2024-05-15,,855.661,,43.39,137.484,,,Itanagar,,,
2024-05-16,,891.779,,38.297,141.301,,,Itanagar,,,
2024-05-17,,916.728,,151.449,143.886,,,Itanagar,,,
2024-05-18,,883.01,,0.0,141.6,,,Itanagar,,,
2024-05-19,,923.953,,41.383,141.22,,,Itanagar,,,
2024-05-20,,914.036,,6.251,139.09,,,Itanagar,,,
2024-05-21,,884.763,,13.809,137.123,,,Itanagar,,,
2024-05-22,,907.954,,62.772,136.365,,,Itanagar,,,
2024-05-23,,912.785,,53.734,134.13,,,Itanagar,,,
2024-05-24,,847.455,,31.925,134.94,,,Itanagar,,,
2024-05-25,,805.676,,47.474,133.058,,,Itanagar,,,
2024-05-26,,770.512,,31.295,133.195,,,Itanagar,,,
2024-05-27,,792.798,,0.0,140.106,,,Itanagar,,,
2024-05-28,,832.02,,0.0,141.809,,,Itanagar,,,
2024-05-29,,874.744,,284.262,143.634,,,Itanagar,,,
2024-05-30,,886.592,,3.612,143.849,,,Itanagar,,,
2024-05-31,,865.542,,0.0,140.501,,,Itanagar,,,
2024-06-01,,843.821,,2.871,140.523,,,Itanagar,,,
2024-06-02,,860.558,,21.79,141.702,,,Itanagar,,,
2024-06-03,,896.909,,99.457,141.644,,,Itanagar,,,
2024-06-04,,832.327,,0.0,140.989,,,Itanagar,,,
2024-06-05,,880.799,,0.0,141.984,,,Itanagar,,,
2024-06-06,,889.935,,49.408,139.507,,,Itanagar,,,
2024-06-07,,905.436,,11.762,144.428,,,Itanagar,,,
2024-06-08,,915.781,,44.822,143.148,,,Itanagar,,,
2024-06-09,,907.478,,0.0,144.409,,,Itanagar,,,
2024-06-10,,872.106,,38.798,144.437,,,Itanagar,,,
2024-06-11,,836.999,,29.281,140.516,,,Itanagar,,,
2024-06-12,,871.621,,44.676,138.774,,,Itanagar,,,
2024-06-13,,869.072,,0.0,139.168,,,Itanagar,,,
2024-06-14,,851.019,,8.392,138.753,,,Itanagar,,,
2024-06-15,,859.523,,4.955,138.635,,,Itanagar,,,
2024-06-16,,887.29,,0.0,140.618,,,Itanagar,,,
2024-06-17,,869.701,,0.0,139.868,,,Itanagar,,,
2024-06-18,,826.961,,0.0,138.545,,,Itanagar,,,
2024-06-19,,854.494,,0.0,137.906,,,Itanagar,,,
2024-06-20,,863.445,,50.205,134.961,,,Itanagar,,,
2024-06-21,,875.495,,40.713,134.772,,,Itanagar,,,
2024-06-22,,880.905,,9.89,136.237,,,Itanagar,,,
2024-06-23,,879.488,,0.483,137.618,,,Itanagar,,,
2024-06-24,,853.543,,35.845,140.562,,,Itanagar,,,
2024-06-25,,778.122,,12.976,140.015,,,Itanagar,,,
2024-06-26,,782.942,,0.0,135.205,,,Itanagar,,,
2024-06-27,,808.869,,0.0,137.829,,,Itanagar,,,
2024-06-28,,796.05,,0.0,137.784,,,Itanagar,,,
2024-06-29,,775.183,,0.0,137.351,,,Itanagar,,,
2024-06-30,,755.449,,23.795,137.269,,,Itanagar,,,
2024-07-01,,790.871,,0.0,136.367,,,Itanagar,,,
2024-07-02,,785.978,,3.94,136.508,,,Itanagar,,,
2024-07-03,,845.085,,3.984,138.046,,,Itanagar,,,
2024-07-04,,853.287,,30.107,138.384,,,Itanagar,,,
2024-07-05,,829.876,,0.0,139.225,,,Itanagar,,,
2024-07-06,,799.21,,33.202,139.406,,,Itanagar,,,
2024-07-07,,810.314,,30.974,138.553,,,Itanagar,,,
2024-07-08,,775.906,,31.857,136.159,,,Itanagar,,,
2024-07-09,,766.243,,41.164,139.024,,,Itanagar,,,
2024-07-10,,835.74,,28.393,139.986,,,Itanagar,,,
2024-07-11,,841.667,,4.944,139.384,,,Itanagar,,,
2024-07-12,,858.525,,68.127,139.953,,,Itanagar,,,
2024-07-13,,846.402,,31.7,138.665,,,Itanagar,,,
2024-07-14,,839.105,,31.191,136.564,,,Itanagar,,,
2024-07-15,,824.111,,0.0,137.684,,,Itanagar,,,
2024-07-16,,795.747,,0.0,137.068,,,Itanagar,,,
2024-07-17,,829.46,,23.675,136.599,,,Itanagar,,,
2024-07-18,,822.333,,0.0,135.01,,,Itanagar,,,
2024-07-19,,806.686,,0.0,134.779,,,Itanagar,,,
2024-07-20,,833.919,,0.0,136.594,,,Itanagar,,,
2024-07-21,,847.411,,0.0,137.568,,,Itanagar,,,
2024-07-22,,805.659,,0.0,136.303,,,Itanagar,,,
2024-07-23,,764.151,,25.005,133.406,,,Itanagar,,,
2024-07-24,,813.657,,0.0,135.412,,,Itanagar,,,
2024-07-25,,819.6,,4.536,132.946,,,Itanagar,,,
2024-07-26,,780.399,,32.939,129.92,,,Itanagar,,,
2024-07-27,,768.174,,22.534,129.569,,,Itanagar,,,
2024-07-28,,742.597,,0.0,128.401,,,Itanagar,,,
2024-07-29,,713.619,,0.0,130.324,,,Itanagar,,,
2024-07-30,,722.15,,82.407,129.112,,,Itanagar,,,
2024-07-31,,780.376,,27.311,130.93,,,Itanagar,,,
2024-08-01,,776.635,,0.0,130.651,,,Itanagar,,,
2024-08-02,,757.996,,0.0,129.85,,,Itanagar,,,
2024-08-03,,767.27,,0.0,128.143,,,Itanagar,,,
2024-08-04,,794.608,,25.153,130.714,,,Itanagar,,,
2024-08-05,,815.419,,45.849,133.112,,,Itanagar,,,
2024-08-06,,767.69,,0.0,131.393,,,Itanagar,,,
2024-08-07,,777.904,,0.0,132.696,,,Itanagar,,,
2024-08-08,,812.38,,28.072,132.154,,,Itanagar,,,
2024-08-09,,836.5,,29.487,132.606,,,Itanagar,,,
2024-08-10,,846.006,,0.0,132.38,,,Itanagar,,,
2024-08-11,,880.361,,1.132,134.565,,,Itanagar,,,
2024-08-12,,851.115,,6.259,133.488,,,Itanagar,,,
2024-08-13,,825.956,,28.126,131.75,,,Itanagar,,,
2024-08-14,,859.734,,9.734,132.639,,,Itanagar,,,
2024-08-15,,848.603,,12.287,132.318,,,Itanagar,,,
2024-08-16,,880.4,,28.884,130.006,,,Itanagar,,,
2024-08-17,,884.618,,3.967,132.438,,,Itanagar,,,
2024-08-18,,875.342,,0.0,134.551,,,Itanagar,,,
2024-08-19,,854.576,,0.0,134.784,,,Itanagar,,,
2024-08-20,,851.04,,0.0,136.4,,,Itanagar,,,
2024-08-21,,878.474,,74.661,132.956,,,Itanagar,,,
2024-08-22,,882.053,,31.266,131.941,,,Itanagar,,,
2024-08-23,,839.941,,29.713,132.107,,,Itanagar,,,
2024-08-24,,831.575,,31.469,133.548,,,Itanagar,,,
2024-08-25,,857.288,,33.065,133.711,,,Itanagar,,,
2024-08-26,,861.1,,62.884,136.058,,,Itanagar,,,
2024-08-27,,843.815,,34.83,134.294,,,Itanagar,,,
2024-08-28,,861.752,,33.266,136.382,,,Itanagar,,,
2024-08-29,,902.174,,32.219,136.25,,,Itanagar,,,
2024-08-30,,919.876,,28.433,136.579,,,Itanagar,,,
2024-08-31,,928.229,,29.733,137.898,,,Itanagar,,,
2024-09-01,,936.645,,31.439,136.554,,,Itanagar,,,
2024-09-02,,921.231,,10.173,135.3,,,Itanagar,,,
2024-09-03,,896.224,,34.525,136.543,,,Itanagar,,,
2024-09-04,,881.241,,0.0,139.61,,,Itanagar,,,
2024-09-05,,898.115,,1.937,139.501,,,Itanagar,,,
2024-09-06,,885.449,,29.855,137.256,,,Itanagar,,,
2024-09-07,,838.081,,34.185,135.145,,,Itanagar,,,
2024-09-08,,821.682,,34.936,134.654,,,Itanagar,,,
2024-09-09,,806.055,,37.749,135.089,,,Itanagar,,,
2024-09-10,,771.039,,34.892,136.486,,,Itanagar,,,
2024-09-11,,822.241,,94.534,138.09,,,Itanagar,,,
2024-09-12,,855.772,,18.157,135.797,,,Itanagar,,,
2024-09-13,,881.611,,33.924,134.072,,,Itanagar,,,
2024-09-14,,913.547,,24.46,133.337,,,Itanagar,,,
2024-09-15,,887.865,,11.289,133.612,,,Itanagar,,,
2024-09-16,,835.209,,55.593,133.423,,,Itanagar,,,
2024-09-17,,764.698,,97.155,133.536,,,Itanagar,,,
2024-09-18,,789.129,,33.572,133.982,,,Itanagar,,,
2024-09-19,,810.455,,32.233,134.17,,,Itanagar,,,
2024-09-20,,842.164,,32.304,135.847,,,Itanagar,,,
2024-09-21,,855.229,,31.082,135.893,,,Itanagar,,,
2024-09-22,,844.338,,32.425,134.324,,,Itanagar,,,
2024-09-23,,809.019,,36.453,132.745,,,Itanagar,,,
2024-09-24,,749.919,,0.0,133.904,,,Itanagar,,,
2024-09-25,,798.866,,0.0,136.056,,,Itanagar,,,
2024-09-26,,841.019,,0.0,139.023,,,Itanagar,,,
2024-09-27,,853.446,,105.21,137.31,,,Itanagar,,,
2024-09-28,,849.541,,22.342,139.865,,,Itanagar,,,
2024-09-29,,860.686,,48.176,143.323,,,Itanagar,,,
2024-09-30,,842.767,,34.061,142.38,,,Itanagar,,,
2024-10-01,,798.859,,0.0,140.793,,,Itanagar,,,
2024-10-02,,793.225,,25.741,137.289,,,Itanagar,,,
2024-10-03,,824.848,,0.391,139.661,,,Itanagar,,,
2024-10-04,,843.666,,0.0,140.932,,,Itanagar,,,
2024-10-05,,850.722,,5.473,140.331,,,Itanagar,,,
2024-10-06,,858.743,,27.768,137.623,,,Itanagar,,,
2024-10-07,,869.484,,31.454,135.642,,,Itanagar,,,
2024-10-08,,870.58,,270.602,138.979,,,Itanagar,,,
2024-10-09,,885.939,,0.0,138.406,,,Itanagar,,,
2024-10-10,,896.833,,44.307,139.514,,,Itanagar,,,
2024-10-11,,913.246,,1.039,140.098,,,Itanagar,,,
2024-10-12,,918.017,,29.774,139.624,,,Itanagar,,,
2024-10-13,,914.93,,105.55,137.889,,,Itanagar,,,
2024-10-14,,911.233,,35.618,133.818,,,Itanagar,,,
2024-10-15,,880.249,,28.257,134.426,,,Itanagar,,,
2024-10-16,,886.072,,28.538,137.621,,,Itanagar,,,
2024-10-17,,855.322,,35.72,138.566,,,Itanagar,,,
2024-10-18,,885.541,,53.188,136.301,,,Itanagar,,,
2024-10-19,,896.656,,30.415,134.179,,,Itanagar,,,
2024-10-20,,895.911,,34.541,132.531,,,Itanagar,,,
2024-10-21,,883.288,,29.649,130.255,,,Itanagar,,,
2024-10-22,,850.705,,29.649,131.156,,,Itanagar,,,
2024-10-23,,847.495,,0.0,134.517,,,Itanagar,,,
2024-10-24,,826.184,,37.246,140.393,,,Itanagar,,,
2024-10-25,,858.203,,3.776,142.948,,,Itanagar,,,
2024-10-26,,884.715,,0.0,140.397,,,Itanagar,,,
2024-10-27,,885.385,,29.334,139.392,,,Itanagar,,,
2024-10-28,,889.107,,32.397,139.856,,,Itanagar,,,
2024-10-29,,857.04,,179.572,139.791,,,Itanagar,,,
2024-10-30,,872.944,,1.407,143.023,,,Itanagar,,,
2024-10-31,,886.746,,0.713,143.211,,,Itanagar,,,
2024-11-01,,893.944,,31.718,141.965,,,Itanagar,,,
2024-11-02,,890.147,,13.841,140.478,,,Itanagar,,,
2024-11-03,,898.156,,62.626,138.51,,,Itanagar,,,
2024-11-04,,884.651,,31.306,138.478,,,Itanagar,,,
2024-11-05,,855.923,,23.388,133.862,,,Itanagar,,,
2024-11-06,,870.13,,30.074,134.604,,,Itanagar,,,
2024-11-07,,875.66,,0.0,138.087,,,Itanagar,,,
2024-11-08,,879.644,,20.475,137.201,,,Itanagar,,,
2024-11-09,,875.035,,67.899,137.771,,,Itanagar,,,
2024-11-10,,844.412,,37.243,135.722,,,Itanagar,,,
2024-11-11,,796.042,,9.667,133.116,,,Itanagar,,,
2024-11-12,,722.059,,9.667,132.526,,,Itanagar,,,
2024-11-13,,708.425,,17.462,130.434,,,Itanagar,,,
2024-11-14,,754.029,,51.136,134.025,,,Itanagar,,,
2024-11-15,,779.579,,35.583,135.86,,,Itanagar,,,
2024-11-16,,801.346,,34.714,137.547,,,Itanagar,,,
2024-11-17,,813.096,,30.465,133.384,,,Itanagar,,,
2024-11-18,,832.302,,23.059,132.813,,,Itanagar,,,
2024-11-19,,804.081,,23.059,131.938,,,Itanagar,,,
2024-11-20,,819.841,,59.476,128.212,,,Itanagar,,,
2024-11-21,,841.359,,41.122,126.638,,,Itanagar,,,
2024-11-22,,852.897,,28.3,127.87,,,Itanagar,,,
2024-11-23,,860.372,,20.478,132.705,,,Itanagar,,,
2024-11-24,,837.712,,19.054,137.896,,,Itanagar,,,
2024-11-25,,815.226,,24.489,137.397,,,Itanagar,,,
2024-11-26,,764.504,,18.791,133.021,,,Itanagar,,,
2024-11-27,,764.752,,30.648,128.426,,,Itanagar,,,
2024-11-28,,770.817,,26.271,125.312,,,Itanagar,,,
2024-11-29,,776.401,,38.039,124.673,,,Itanagar,,,
2024-11-30,,757.277,,158.237,128.092,,,Itanagar,,,
2024-12-01,,761.076,,95.719,126.974,,,Itanagar,,,
2024-12-02,,748.339,,32.096,129.112,,,Itanagar,,,
2024-12-03,,725.818,,28.886,130.238,,,Itanagar,,,
2024-12-04,,733.715,,5.181,131.09,,,Itanagar,,,
2024-12-05,,734.523,,20.024,130.654,,,Itanagar,,,
2024-12-06,,758.868,,124.365,137.291,,,Itanagar,,,
2024-12-07,,778.577,,12.367,137.829,,,Itanagar,,,
2024-12-08,,791.579,,29.618,133.096,,,Itanagar,,,
2024-12-09,,785.887,,6.19,131.543,,,Itanagar,,,
2024-12-10,,757.924,,35.578,135.242,,,Itanagar,,,
2024-12-11,,792.005,,25.913,133.763,,,Itanagar,,,
2024-12-12,,806.689,,38.105,134.217,,,Itanagar,,,
2024-12-13,,807.012,,18.528,132.038,,,Itanagar,,,
2024-12-14,,801.659,,32.795,129.742,,,Itanagar,,,
2024-12-15,,812.852,,32.699,129.689,,,Itanagar,,,
2024-12-16,,810.16,,185.496,130.392,,,Itanagar,,,
2024-12-17,,769.209,,81.375,129.617,,,Itanagar,,,
2024-12-18,,778.46,,31.688,125.264,,,Itanagar,,,
2024-12-19,,805.738,,28.752,126.945,,,Itanagar,,,
2024-12-20,,824.819,,30.021,130.761,,,Itanagar,,,
2024-12-21,,832.142,,5.312,131.187,,,Itanagar,,,
2024-12-22,,851.561,,25.448,131.15,,,Itanagar,,,
2024-12-23,,830.456,,31.487,131.609,,,Itanagar,,,
2024-12-24,,792.159,,27.562,129.836,,,Itanagar,,,
2024-12-25,,817.468,,23.719,129.056,,,Itanagar,,,
2024-12-26,,836.75,,22.856,128.044,,,Itanagar,,,
2024-12-27,,833.753,,121.062,129.347,,,Itanagar,,,
2024-12-28,,825.02,,53.423,130.002,,,Itanagar,,,
2024-12-29,,840.169,,19.71,129.33,,,Itanagar,,,
2024-12-30,,850.517,,21.229,133.921,,,Itanagar,,,
2024-12-31,,822.408,,21.229,135.831,,,Itanagar,,,
