date,total,power,traffic,residential_scope1,residential_scope2,industrial,avation,city
2020-01-01,,3350.906,,198.507,1008.912,,,Solapur
2020-01-02,,3371.232,,86.275,1050.984,,,Solapur
2020-01-03,,3408.121,,237.816,986.337,,,Solapur
2020-01-04,,3436.795,,247.162,1011.963,,,Solapur
2020-01-05,,3286.377,,87.212,996.378,,,Solapur
2020-01-06,,3337.482,,266.745,1006.235,,,Solapur
2020-01-07,,3406.837,,219.638,1018.146,,,Solapur
2020-01-08,,3441.264,,235.364,1033.013,,,Solapur
2020-01-09,,3376.598,,239.944,1013.402,,,Solapur
2020-01-10,,3340.406,,238.784,1016.298,,,Solapur
2020-01-11,,3406.909,,230.949,977.158,,,Solapur
2020-01-12,,3398.799,,251.665,957.26,,,Solapur
2020-01-13,,3470.11,,256.751,954.804,,,Solapur
2020-01-14,,3411.57,,262.114,963.341,,,Solapur
2020-01-15,,3323.918,,7.198,960.867,,,Solapur
2020-01-16,,3293.436,,88.605,954.63,,,Solapur
2020-01-17,,3439.214,,243.532,954.72,,,Solapur
2020-01-18,,3410.629,,234.593,972.489,,,Solapur
2020-01-19,,3267.919,,222.997,989.342,,,Solapur
2020-01-20,,3415.185,,238.87,1003.305,,,Solapur
2020-01-21,,3446.504,,163.698,978.785,,,Solapur
2020-01-22,,3357.712,,237.397,970.222,,,Solapur
2020-01-23,,3415.787,,217.089,969.935,,,Solapur
2020-01-24,,3489.403,,211.946,970.516,,,Solapur
2020-01-25,,3518.402,,249.378,975.134,,,Solapur
2020-01-26,,3353.454,,77.098,987.474,,,Solapur
2020-01-27,,3491.397,,0.204,1002.47,,,Solapur
2020-01-28,,3520.462,,248.811,980.552,,,Solapur
2020-01-29,,3535.681,,232.098,960.955,,,Solapur
2020-01-30,,3564.348,,215.002,964.621,,,Solapur
2020-01-31,,3534.608,,113.754,972.832,,,Solapur
2020-02-01,,3402.142,,113.754,976.636,,,Solapur
2020-02-02,,3219.234,,259.495,981.544,,,Solapur
2020-02-03,,3343.911,,263.182,977.931,,,Solapur
2020-02-04,,3408.232,,246.94,993.482,,,Solapur
2020-02-05,,3393.546,,245.265,996.13,,,Solapur
2020-02-06,,3425.526,,252.84,988.695,,,Solapur
2020-02-07,,3466.412,,253.773,969.69,,,Solapur
2020-02-08,,3322.546,,233.558,958.646,,,Solapur
2020-02-09,,3261.461,,242.408,1025.005,,,Solapur
2020-02-10,,3353.843,,258.686,1006.615,,,Solapur
2020-02-11,,3363.639,,252.594,998.759,,,Solapur
2020-02-12,,3364.027,,43.812,995.336,,,Solapur
2020-02-13,,3492.217,,250.683,971.887,,,Solapur
2020-02-14,,3467.972,,246.61,977.023,,,Solapur
2020-02-15,,3518.007,,246.61,993.341,,,Solapur
2020-02-16,,3368.735,,0.0,998.392,,,Solapur
2020-02-17,,3483.493,,8.334,999.097,,,Solapur
2020-02-18,,3540.722,,263.636,994.244,,,Solapur
2020-02-19,,3540.55,,276.42,990.05,,,Solapur
2020-02-20,,3458.112,,256.548,987.22,,,Solapur
2020-02-21,,3306.002,,278.191,978.198,,,Solapur
2020-02-22,,3355.44,,250.431,982.82,,,Solapur
2020-02-23,,3258.264,,270.27,985.086,,,Solapur
2020-02-24,,3347.669,,250.953,996.68,,,Solapur
2020-02-25,,3421.299,,238.245,981.433,,,Solapur
2020-02-26,,3467.277,,245.879,975.199,,,Solapur
2020-02-27,,3431.895,,0.0,962.571,,,Solapur
2020-02-28,,3399.196,,138.697,987.856,,,Solapur
2020-02-29,,3367.028,,284.069,972.735,,,Solapur
2020-03-01,,3299.62,,291.051,986.007,,,Solapur
2020-03-02,,3382.314,,264.025,984.426,,,Solapur
2020-03-03,,3406.317,,0.0,993.024,,,Solapur
2020-03-04,,3364.253,,177.315,980.107,,,Solapur
2020-03-05,,3303.052,,271.866,976.976,,,Solapur
2020-03-06,,3329.644,,252.113,974.598,,,Solapur
2020-03-07,,3401.65,,251.774,981.312,,,Solapur
2020-03-08,,3297.404,,262.951,1000.976,,,Solapur
2020-03-09,,3271.35,,266.629,1012.485,,,Solapur
2020-03-10,,3039.684,,293.35,1009.374,,,Solapur
2020-03-11,,3152.135,,293.35,990.212,,,Solapur
2020-03-12,,3325.667,,252.543,995.929,,,Solapur
2020-03-13,,3360.655,,256.488,1005.825,,,Solapur
2020-03-14,,3336.029,,256.488,1008.879,,,Solapur
2020-03-15,,3219.551,,269.153,1015.151,,,Solapur
2020-03-16,,3345.81,,278.068,1004.723,,,Solapur
2020-03-17,,3438.505,,273.152,1006.689,,,Solapur
2020-03-18,,3371.556,,254.68,1004.317,,,Solapur
2020-03-19,,3816.883,,243.746,1021.727,,,Solapur
2020-03-20,,3722.555,,244.695,1024.129,,,Solapur
2020-03-21,,3587.157,,224.309,1012.528,,,Solapur
2020-03-22,,3532.993,,245.145,1028.389,,,Solapur
2020-03-23,,3474.05,,273.747,1031.166,,,Solapur
2020-03-24,,3629.343,,272.683,1021.808,,,Solapur
2020-03-25,,3753.675,,263.423,1016.123,,,Solapur
2020-03-26,,3812.963,,274.002,1031.327,,,Solapur
2020-03-27,,3763.32,,242.136,1029.801,,,Solapur
2020-03-28,,3725.433,,271.478,1029.955,,,Solapur
2020-03-29,,3610.599,,288.855,1042.571,,,Solapur
2020-03-30,,3506.559,,0.0,1036.637,,,Solapur
2020-03-31,,3505.927,,0.0,1031.791,,,Solapur
2020-04-01,,3705.273,,300.585,1035.884,,,Solapur
2020-04-02,,3775.771,,320.041,1043.849,,,Solapur
2020-04-03,,3820.924,,316.56,1052.698,,,Solapur
2020-04-04,,3791.43,,0.0,1043.75,,,Solapur
2020-04-05,,3617.029,,64.997,1040.386,,,Solapur
2020-04-06,,3826.728,,305.462,1033.544,,,Solapur
2020-04-07,,3858.515,,291.63,1032.722,,,Solapur
2020-04-08,,3822.273,,228.715,1033.43,,,Solapur
2020-04-09,,3854.036,,236.717,1034.999,,,Solapur
2020-04-10,,3895.841,,234.189,1033.44,,,Solapur
2020-04-11,,3821.073,,282.278,1031.112,,,Solapur
2020-04-12,,3710.967,,272.79,1034.166,,,Solapur
2020-04-13,,3946.997,,249.398,1045.517,,,Solapur
2020-04-14,,3850.173,,317.216,1055.756,,,Solapur
2020-04-15,,3816.395,,0.0,1052.992,,,Solapur
2020-04-16,,3691.498,,123.419,1054.636,,,Solapur
2020-04-17,,3666.793,,327.933,1055.727,,,Solapur
2020-04-18,,3623.989,,323.997,1044.574,,,Solapur
2020-04-19,,3502.516,,335.092,1030.454,,,Solapur
2020-04-20,,3735.025,,0.0,1033.401,,,Solapur
2020-04-21,,3748.811,,244.623,1054.035,,,Solapur
2020-04-22,,3649.91,,259.897,1055.41,,,Solapur
2020-04-23,,3713.343,,258.731,1066.743,,,Solapur
2020-04-24,,3760.301,,269.489,1059.9,,,Solapur
2020-04-25,,3721.916,,237.961,1044.921,,,Solapur
2020-04-26,,3641.753,,170.124,1033.978,,,Solapur
2020-04-27,,3791.62,,254.435,1045.936,,,Solapur
2020-04-28,,3762.406,,19.377,1037.996,,,Solapur
2020-04-29,,3779.453,,248.517,1040.072,,,Solapur
2020-04-30,,3749.473,,269.246,1035.42,,,Solapur
2020-05-01,,3512.809,,0.0,1041.668,,,Solapur
2020-05-02,,3509.011,,238.105,1052.875,,,Solapur
2020-05-03,,3459.77,,266.702,1055.897,,,Solapur
2020-05-04,,3566.408,,264.765,1068.485,,,Solapur
2020-05-05,,3543.091,,233.37,1057.537,,,Solapur
2020-05-06,,3592.703,,142.164,1063.959,,,Solapur
2020-05-07,,3701.492,,0.0,1063.199,,,Solapur
2020-05-08,,3678.213,,277.712,1045.87,,,Solapur
2020-05-09,,3659.761,,7.683,1047.483,,,Solapur
2020-05-10,,3499.371,,26.897,999.579,,,Solapur
2020-05-11,,3466.974,,148.922,994.456,,,Solapur
2020-05-12,,3462.605,,68.461,1024.84,,,Solapur
2020-05-13,,3468.494,,274.353,1019.502,,,Solapur
2020-05-14,,3434.165,,245.074,1006.528,,,Solapur
2020-05-15,,3455.496,,260.397,998.607,,,Solapur
2020-05-16,,3404.666,,314.015,1017.925,,,Solapur
2020-05-17,,3439.152,,0.0,1020.914,,,Solapur
2020-05-18,,3196.354,,0.0,1016.938,,,Solapur
2020-05-19,,3335.635,,227.917,1013.618,,,Solapur
2020-05-20,,3479.79,,250.635,1020.854,,,Solapur
2020-05-21,,3356.91,,237.044,1019.752,,,Solapur
2020-05-22,,3285.782,,242.847,1019.362,,,Solapur
2020-05-23,,3389.832,,0.341,1039.496,,,Solapur
2020-05-24,,3441.207,,266.59,1053.843,,,Solapur
2020-05-25,,3270.29,,267.156,1054.36,,,Solapur
2020-05-26,,3343.687,,249.155,1051.353,,,Solapur
2020-05-27,,3425.964,,262.591,1035.388,,,Solapur
2020-05-28,,3534.342,,8.193,1023.453,,,Solapur
2020-05-29,,3519.904,,230.42,1018.905,,,Solapur
2020-05-30,,3452.162,,192.628,1010.585,,,Solapur
2020-05-31,,3355.187,,0.0,993.209,,,Solapur
2020-06-01,,2936.573,,0.0,995.567,,,Solapur
2020-06-02,,2969.313,,179.869,1028.376,,,Solapur
2020-06-03,,2967.464,,0.0,1037.896,,,Solapur
2020-06-04,,3038.397,,185.075,1024.768,,,Solapur
2020-06-05,,3027.018,,189.313,1021.188,,,Solapur
2020-06-06,,3069.311,,175.048,1011.151,,,Solapur
2020-06-07,,3000.04,,160.189,1003.203,,,Solapur
2020-06-08,,3175.643,,0.178,995.81,,,Solapur
2020-06-09,,3238.382,,174.241,968.873,,,Solapur
2020-06-10,,3282.769,,186.837,980.718,,,Solapur
2020-06-11,,3254.497,,0.0,1028.013,,,Solapur
2020-06-12,,3273.292,,0.0,1035.31,,,Solapur
2020-06-13,,3163.089,,0.0,1031.343,,,Solapur
2020-06-14,,3034.392,,175.686,1025.252,,,Solapur
2020-06-15,,3212.272,,167.306,1039.265,,,Solapur
2020-06-16,,3173.882,,3.884,1050.646,,,Solapur
2020-06-17,,3224.594,,11.702,1042.963,,,Solapur
2020-06-18,,3264.995,,72.329,1043.558,,,Solapur
2020-06-19,,3199.14,,0.0,1027.643,,,Solapur
2020-06-20,,3173.994,,0.0,1020.663,,,Solapur
2020-06-21,,3050.135,,23.504,1018.643,,,Solapur
2020-06-22,,3219.444,,0.0,1022.054,,,Solapur
2020-06-23,,3300.804,,184.379,1021.288,,,Solapur
2020-06-24,,3253.84,,162.144,1005.684,,,Solapur
2020-06-25,,3243.58,,172.267,1021.056,,,Solapur
2020-06-26,,3166.568,,51.725,1024.915,,,Solapur
2020-06-27,,3101.177,,109.859,1026.244,,,Solapur
2020-06-28,,3004.464,,11.909,1024.35,,,Solapur
2020-06-29,,3155.295,,0.0,1032.757,,,Solapur
2020-06-30,,3295.215,,107.171,1032.186,,,Solapur
2020-07-01,,3278.175,,154.63,1030.253,,,Solapur
2020-07-02,,3320.116,,147.243,1037.91,,,Solapur
2020-07-03,,3306.011,,166.233,1034.581,,,Solapur
2020-07-04,,3117.989,,0.0,1035.632,,,Solapur
2020-07-05,,2808.586,,0.0,1015.317,,,Solapur
2020-07-06,,2961.394,,0.0,1009.7,,,Solapur
2020-07-07,,3141.533,,166.239,1031.165,,,Solapur
2020-07-08,,3144.341,,168.382,1025.964,,,Solapur
2020-07-09,,3216.986,,168.968,1035.404,,,Solapur
2020-07-10,,3206.695,,128.14,1038.54,,,Solapur
2020-07-11,,3011.943,,156.579,1032.531,,,Solapur
2020-07-12,,2835.323,,22.608,1012.899,,,Solapur
2020-07-13,,3261.691,,0.0,1030.012,,,Solapur
2020-07-14,,3363.433,,0.0,1045.664,,,Solapur
2020-07-15,,3275.057,,0.0,1041.19,,,Solapur
2020-07-16,,3254.538,,74.833,1039.646,,,Solapur
2020-07-17,,3290.553,,142.432,1040.431,,,Solapur
2020-07-18,,3321.572,,95.306,1033.076,,,Solapur
2020-07-19,,3159.677,,148.718,1034.983,,,Solapur
2020-07-20,,3092.146,,1.713,1036.683,,,Solapur
2020-07-21,,2992.064,,158.722,1027.356,,,Solapur
2020-07-22,,3189.596,,0.0,1031.577,,,Solapur
2020-07-23,,3229.147,,0.0,1052.056,,,Solapur
2020-07-24,,3238.953,,0.0,1060.756,,,Solapur
2020-07-25,,3186.457,,0.0,1037.079,,,Solapur
2020-07-26,,3107.861,,143.19,1024.573,,,Solapur
2020-07-27,,3221.534,,152.321,1021.753,,,Solapur
2020-07-28,,3348.163,,162.525,1043.538,,,Solapur
2020-07-29,,3293.454,,150.505,1051.408,,,Solapur
2020-07-30,,3249.672,,150.505,1039.819,,,Solapur
2020-07-31,,3303.412,,314.606,1049.881,,,Solapur
2020-08-01,,3221.153,,143.505,1045.096,,,Solapur
2020-08-02,,3104.062,,154.507,1025.419,,,Solapur
2020-08-03,,3008.294,,100.138,1027.695,,,Solapur
2020-08-04,,3029.848,,159.759,1014.522,,,Solapur
2020-08-05,,3015.533,,0.0,1031.671,,,Solapur
2020-08-06,,2930.56,,161.708,1014.014,,,Solapur
2020-08-07,,3142.388,,40.004,1013.667,,,Solapur
2020-08-08,,3296.35,,0.633,1014.223,,,Solapur
2020-08-09,,3213.612,,0.0,1015.749,,,Solapur
2020-08-10,,3225.421,,0.0,1020.963,,,Solapur
2020-08-11,,3156.126,,0.823,1017.053,,,Solapur
2020-08-12,,2968.974,,0.0,1009.005,,,Solapur
2020-08-13,,2997.517,,0.0,1009.82,,,Solapur
2020-08-14,,2974.12,,46.11,998.269,,,Solapur
2020-08-15,,2965.007,,0.0,1001.593,,,Solapur
2020-08-16,,2890.635,,0.0,1010.974,,,Solapur
2020-08-17,,3121.723,,33.458,1004.548,,,Solapur
2020-08-18,,3177.17,,153.405,1021.248,,,Solapur
2020-08-19,,3039.32,,172.211,1006.025,,,Solapur
2020-08-20,,3015.44,,0.0,1013.672,,,Solapur
2020-08-21,,3021.343,,169.786,1009.988,,,Solapur
2020-08-22,,2986.375,,157.431,999.392,,,Solapur
2020-08-23,,2884.915,,160.506,992.422,,,Solapur
2020-08-24,,2997.94,,158.503,976.846,,,Solapur
2020-08-25,,3091.719,,142.813,980.988,,,Solapur
2020-08-26,,3174.398,,52.034,986.769,,,Solapur
2020-08-27,,3099.063,,145.005,947.793,,,Solapur
2020-08-28,,3126.14,,0.871,987.381,,,Solapur
2020-08-29,,3101.4,,176.098,995.7,,,Solapur
2020-08-30,,2908.711,,149.547,980.366,,,Solapur
2020-08-31,,3090.672,,165.853,993.406,,,Solapur
2020-09-01,,3215.318,,167.511,997.753,,,Solapur
2020-09-02,,3210.503,,0.0,1001.293,,,Solapur
2020-09-03,,3225.853,,177.717,1016.283,,,Solapur
2020-09-04,,3302.97,,154.584,1014.765,,,Solapur
2020-09-05,,3350.437,,151.74,1016.967,,,Solapur
2020-09-06,,3168.494,,174.202,1019.445,,,Solapur
2020-09-07,,3215.907,,168.784,1017.708,,,Solapur
2020-09-08,,3324.366,,183.059,1030.3,,,Solapur
2020-09-09,,3462.463,,161.224,1046.236,,,Solapur
2020-09-10,,3383.036,,154.288,1039.506,,,Solapur
2020-09-11,,3330.058,,0.0,1018.269,,,Solapur
2020-09-12,,3199.616,,171.154,995.44,,,Solapur
2020-09-13,,3133.429,,0.0,999.514,,,Solapur
2020-09-14,,3146.431,,0.0,1004.272,,,Solapur
2020-09-15,,3194.887,,164.143,1018.209,,,Solapur
2020-09-16,,3237.535,,171.957,1035.557,,,Solapur
2020-09-17,,3127.101,,190.712,1020.779,,,Solapur
2020-09-18,,3169.657,,0.0,1019.159,,,Solapur
2020-09-19,,3282.518,,0.0,1031.951,,,Solapur
2020-09-20,,3141.405,,0.0,1016.99,,,Solapur
2020-09-21,,3206.804,,203.618,1026.185,,,Solapur
2020-09-22,,3162.984,,202.445,1017.107,,,Solapur
2020-09-23,,3100.773,,174.095,987.112,,,Solapur
2020-09-24,,3174.361,,167.8,1002.623,,,Solapur
2020-09-25,,3226.382,,172.878,1025.495,,,Solapur
2020-09-26,,3088.892,,0.0,1009.444,,,Solapur
2020-09-27,,2968.132,,0.0,976.119,,,Solapur
2020-09-28,,3200.824,,149.627,1005.475,,,Solapur
2020-09-29,,3277.299,,173.196,1004.143,,,Solapur
2020-09-30,,3263.831,,192.968,1007.953,,,Solapur
2020-10-01,,3238.424,,3.565,1017.275,,,Solapur
2020-10-02,,3213.305,,233.796,1009.503,,,Solapur
2020-10-03,,3305.109,,209.326,1007.365,,,Solapur
2020-10-04,,3173.543,,117.019,1012.509,,,Solapur
2020-10-05,,3227.713,,0.0,996.799,,,Solapur
2020-10-06,,3309.473,,214.282,991.618,,,Solapur
2020-10-07,,3409.092,,0.0,973.831,,,Solapur
2020-10-08,,3474.574,,214.734,1008.102,,,Solapur
2020-10-09,,3483.977,,190.171,1052.283,,,Solapur
2020-10-10,,3349.86,,233.103,1058.746,,,Solapur
2020-10-11,,3196.626,,0.0,1070.915,,,Solapur
2020-10-12,,3276.174,,220.293,1061.916,,,Solapur
2020-10-13,,3325.927,,0.0,1058.614,,,Solapur
2020-10-14,,3139.154,,0.0,1053.027,,,Solapur
2020-10-15,,3168.478,,106.089,1043.147,,,Solapur
2020-10-16,,3219.957,,258.297,1034.323,,,Solapur
2020-10-17,,3309.435,,241.636,1035.526,,,Solapur
2020-10-18,,3227.358,,260.592,1056.887,,,Solapur
2020-10-19,,3316.121,,244.921,1063.746,,,Solapur
2020-10-20,,3321.354,,0.103,1071.501,,,Solapur
2020-10-21,,3306.832,,5.358,1058.188,,,Solapur
2020-10-22,,3228.723,,279.229,1051.451,,,Solapur
2020-10-23,,3160.739,,0.0,1058.795,,,Solapur
2020-10-24,,3158.753,,285.386,1042.166,,,Solapur
2020-10-25,,2980.285,,289.801,1029.795,,,Solapur
2020-10-26,,3054.589,,277.97,1024.236,,,Solapur
2020-10-27,,3195.998,,226.489,1008.745,,,Solapur
2020-10-28,,3256.285,,236.478,976.049,,,Solapur
2020-10-29,,3318.96,,107.801,949.008,,,Solapur
2020-10-30,,3382.088,,0.538,975.132,,,Solapur
2020-10-31,,3351.827,,266.534,973.433,,,Solapur
2020-11-01,,3183.059,,299.426,980.764,,,Solapur
2020-11-02,,3311.0,,186.408,958.525,,,Solapur
2020-11-03,,3341.875,,230.512,946.421,,,Solapur
2020-11-04,,3311.917,,0.0,949.284,,,Solapur
2020-11-05,,3299.656,,0.029,949.476,,,Solapur
2020-11-06,,3426.35,,228.718,959.968,,,Solapur
2020-11-07,,3376.762,,261.869,974.15,,,Solapur
2020-11-08,,3234.798,,260.385,961.331,,,Solapur
2020-11-09,,3295.829,,243.213,942.271,,,Solapur
2020-11-10,,3295.282,,251.204,936.232,,,Solapur
2020-11-11,,3258.602,,238.431,937.159,,,Solapur
2020-11-12,,3325.529,,242.637,961.725,,,Solapur
2020-11-13,,3282.85,,246.393,1009.533,,,Solapur
2020-11-14,,2940.579,,254.17,966.481,,,Solapur
2020-11-15,,2861.394,,229.711,960.13,,,Solapur
2020-11-16,,2861.873,,262.474,993.083,,,Solapur
2020-11-17,,3055.49,,203.032,975.286,,,Solapur
2020-11-18,,3145.696,,247.445,1008.871,,,Solapur
2020-11-19,,3210.403,,0.0,992.011,,,Solapur
2020-11-20,,3278.698,,0.0,978.248,,,Solapur
2020-11-21,,3253.898,,147.813,979.876,,,Solapur
2020-11-22,,3185.828,,241.853,984.133,,,Solapur
2020-11-23,,3362.593,,268.63,978.774,,,Solapur
2020-11-24,,3360.827,,268.63,963.978,,,Solapur
2020-11-25,,3218.915,,229.23,960.564,,,Solapur
2020-11-26,,3032.759,,0.682,962.673,,,Solapur
2020-11-27,,3029.954,,279.777,964.612,,,Solapur
2020-11-28,,3085.319,,0.0,1038.488,,,Solapur
2020-11-29,,3128.22,,251.585,1042.175,,,Solapur
2020-11-30,,3263.465,,81.683,1025.958,,,Solapur
2020-12-01,,3205.586,,237.933,980.677,,,Solapur
2020-12-02,,3252.287,,237.933,946.77,,,Solapur
2020-12-03,,3212.05,,26.786,941.773,,,Solapur
2020-12-04,,3271.984,,235.572,946.991,,,Solapur
2020-12-05,,3246.63,,244.887,945.164,,,Solapur
2020-12-06,,3101.326,,38.174,942.416,,,Solapur
2020-12-07,,3169.613,,260.494,949.186,,,Solapur
2020-12-08,,3262.439,,236.478,965.897,,,Solapur
2020-12-09,,3192.382,,272.649,964.172,,,Solapur
2020-12-10,,3241.95,,0.0,969.459,,,Solapur
2020-12-11,,3278.146,,0.0,968.657,,,Solapur
2020-12-12,,3188.722,,0.0,960.865,,,Solapur
2020-12-13,,3093.099,,88.097,959.27,,,Solapur
2020-12-14,,3228.162,,224.141,956.991,,,Solapur
2020-12-15,,3294.417,,145.517,963.093,,,Solapur
2020-12-16,,3312.697,,164.24,963.015,,,Solapur
2020-12-17,,3345.184,,256.563,958.591,,,Solapur
2020-12-18,,3406.409,,268.135,961.219,,,Solapur
2020-12-19,,3331.816,,239.168,954.007,,,Solapur
2020-12-20,,3276.385,,242.907,948.946,,,Solapur
2020-12-21,,3374.4,,242.907,940.867,,,Solapur
2020-12-22,,3466.347,,71.035,937.567,,,Solapur
2020-12-23,,3500.065,,257.05,939.207,,,Solapur
2020-12-24,,3441.669,,254.306,943.737,,,Solapur
2020-12-25,,3454.198,,263.696,950.728,,,Solapur
2020-12-26,,3482.808,,261.185,951.492,,,Solapur
2020-12-27,,3337.949,,51.681,960.359,,,Solapur
2020-12-28,,3457.44,,0.0,958.989,,,Solapur
2020-12-29,,3497.62,,222.845,961.889,,,Solapur
2020-12-30,,3486.65,,277.331,964.385,,,Solapur
2020-12-31,,3476.036,,178.364,987.6,,,Solapur
2021-01-01,,3431.798,,178.364,989.814,,,Solapur
2021-01-02,,3315.174,,262.739,950.018,,,Solapur
2021-01-03,,3195.299,,278.47,958.627,,,Solapur
2021-01-04,,3288.398,,283.452,963.676,,,Solapur
2021-01-05,,3318.861,,131.147,961.408,,,Solapur
2021-01-06,,3294.058,,6.686,1021.948,,,Solapur
2021-01-07,,3261.895,,4.773,1039.704,,,Solapur
2021-01-08,,3336.765,,4.973,981.728,,,Solapur
2021-01-09,,3274.781,,264.902,1010.199,,,Solapur
2021-01-10,,3264.745,,238.249,979.854,,,Solapur
2021-01-11,,3423.145,,11.865,987.489,,,Solapur
2021-01-12,,3434.585,,0.0,989.347,,,Solapur
2021-01-13,,3421.34,,266.301,979.589,,,Solapur
2021-01-14,,3367.61,,252.475,976.821,,,Solapur
2021-01-15,,3389.142,,287.397,975.319,,,Solapur
2021-01-16,,3454.925,,93.361,988.459,,,Solapur
2021-01-17,,3414.354,,90.845,997.256,,,Solapur
2021-01-18,,3478.893,,256.628,990.265,,,Solapur
2021-01-19,,3599.406,,273.104,988.527,,,Solapur
2021-01-20,,3649.996,,200.31,993.435,,,Solapur
2021-01-21,,3709.687,,317.11,1002.657,,,Solapur
2021-01-22,,3698.729,,0.046,1001.995,,,Solapur
2021-01-23,,3637.732,,22.256,994.036,,,Solapur
2021-01-24,,3511.105,,280.542,994.132,,,Solapur
2021-01-25,,3534.12,,261.235,997.078,,,Solapur
2021-01-26,,3414.763,,283.468,1000.087,,,Solapur
2021-01-27,,3527.368,,137.811,997.109,,,Solapur
2021-01-28,,3578.779,,4.102,990.798,,,Solapur
2021-01-29,,3624.538,,8.433,990.599,,,Solapur
2021-01-30,,3625.524,,268.645,992.932,,,Solapur
2021-01-31,,3487.187,,278.542,989.262,,,Solapur
2021-02-01,,3498.12,,297.438,975.314,,,Solapur
2021-02-02,,3538.269,,255.763,969.245,,,Solapur
2021-02-03,,3554.695,,217.066,964.282,,,Solapur
2021-02-04,,3481.221,,264.874,966.752,,,Solapur
2021-02-05,,3504.596,,273.518,967.273,,,Solapur
2021-02-06,,3475.582,,259.95,967.55,,,Solapur
2021-02-07,,3368.174,,121.292,967.435,,,Solapur
2021-02-08,,3415.053,,37.598,955.232,,,Solapur
2021-02-09,,3488.455,,266.658,958.529,,,Solapur
2021-02-10,,3561.708,,262.357,971.31,,,Solapur
2021-02-11,,3595.387,,263.947,985.665,,,Solapur
2021-02-12,,3585.361,,62.129,982.759,,,Solapur
2021-02-13,,3544.369,,158.26,983.305,,,Solapur
2021-02-14,,3452.566,,0.0,986.717,,,Solapur
2021-02-15,,3528.764,,265.743,991.885,,,Solapur
2021-02-16,,3515.637,,284.758,1001.442,,,Solapur
2021-02-17,,3498.26,,278.914,999.995,,,Solapur
2021-02-18,,3470.792,,17.224,975.349,,,Solapur
2021-02-19,,3436.3,,267.599,983.491,,,Solapur
2021-02-20,,3430.004,,3.447,953.504,,,Solapur
2021-02-21,,3361.854,,293.971,969.71,,,Solapur
2021-02-22,,3519.982,,263.533,984.206,,,Solapur
2021-02-23,,3573.065,,229.378,992.446,,,Solapur
2021-02-24,,3579.832,,26.986,997.742,,,Solapur
2021-02-25,,3600.851,,9.73,1001.464,,,Solapur
2021-02-26,,3619.658,,297.171,1018.684,,,Solapur
2021-02-27,,3584.171,,262.157,1016.168,,,Solapur
2021-02-28,,3525.909,,237.292,1022.908,,,Solapur
2021-03-01,,3635.928,,1.68,1023.98,,,Solapur
2021-03-02,,3649.888,,12.571,1022.518,,,Solapur
2021-03-03,,3689.105,,245.752,1020.544,,,Solapur
2021-03-04,,3681.425,,264.124,1014.432,,,Solapur
2021-03-05,,3754.43,,272.596,1013.017,,,Solapur
2021-03-06,,3735.128,,167.073,1017.216,,,Solapur
2021-03-07,,3598.154,,0.0,1026.392,,,Solapur
2021-03-08,,3693.895,,299.975,1030.714,,,Solapur
2021-03-09,,3767.546,,310.678,1024.903,,,Solapur
2021-03-10,,3820.075,,310.678,1036.693,,,Solapur
2021-03-11,,3763.405,,0.063,1028.082,,,Solapur
2021-03-12,,3596.604,,16.339,1026.372,,,Solapur
2021-03-13,,3543.754,,275.739,1012.268,,,Solapur
2021-03-14,,3545.562,,264.629,1016.017,,,Solapur
2021-03-15,,3710.197,,279.663,1023.837,,,Solapur
2021-03-16,,3725.81,,298.515,1026.14,,,Solapur
2021-03-17,,3815.024,,4.551,1033.164,,,Solapur
2021-03-18,,3869.432,,123.223,1049.66,,,Solapur
2021-03-19,,3850.547,,365.614,1037.341,,,Solapur
2021-03-20,,3789.01,,356.8,1033.944,,,Solapur
2021-03-21,,3647.412,,369.138,1038.256,,,Solapur
2021-03-22,,3695.239,,0.0,1041.632,,,Solapur
2021-03-23,,3622.332,,4.559,1020.071,,,Solapur
2021-03-24,,3707.72,,333.056,1030.211,,,Solapur
2021-03-25,,3798.921,,353.503,1046.496,,,Solapur
2021-03-26,,3719.965,,306.356,1047.3,,,Solapur
2021-03-27,,3674.767,,321.363,1042.624,,,Solapur
2021-03-28,,3517.252,,2.45,1046.632,,,Solapur
2021-03-29,,3316.295,,231.659,1050.409,,,Solapur
2021-03-30,,3387.104,,309.123,1051.512,,,Solapur
2021-03-31,,3560.945,,261.873,1053.303,,,Solapur
2021-04-01,,3637.841,,235.351,1044.824,,,Solapur
2021-04-02,,3748.04,,230.051,1034.758,,,Solapur
2021-04-03,,3789.498,,0.0,1045.226,,,Solapur
2021-04-04,,3696.921,,286.03,1055.563,,,Solapur
2021-04-05,,3807.405,,347.432,1056.636,,,Solapur
2021-04-06,,3796.173,,359.526,1063.445,,,Solapur
2021-04-07,,3829.832,,0.0,1062.828,,,Solapur
2021-04-08,,3937.438,,280.672,1046.765,,,Solapur
2021-04-09,,3870.849,,344.974,1045.678,,,Solapur
2021-04-10,,3859.222,,59.741,1042.957,,,Solapur
2021-04-11,,3701.755,,330.731,1019.48,,,Solapur
2021-04-12,,3838.947,,0.0,1032.559,,,Solapur
2021-04-13,,3872.654,,1.604,1036.565,,,Solapur
2021-04-14,,3696.396,,285.932,1054.884,,,Solapur
2021-04-15,,3695.098,,257.919,1010.361,,,Solapur
2021-04-16,,3693.785,,301.02,1017.365,,,Solapur
2021-04-17,,3592.92,,283.293,1030.448,,,Solapur
2021-04-18,,3564.457,,0.0,1052.296,,,Solapur
2021-04-19,,3666.431,,55.801,1060.787,,,Solapur
2021-04-20,,3725.854,,255.487,1064.393,,,Solapur
2021-04-21,,3641.523,,254.74,1052.914,,,Solapur
2021-04-22,,3575.567,,248.974,1061.403,,,Solapur
2021-04-23,,3539.138,,0.0,1049.916,,,Solapur
2021-04-24,,3596.844,,0.0,1055.715,,,Solapur
2021-04-25,,3521.922,,265.397,1057.328,,,Solapur
2021-04-26,,3652.81,,298.622,1046.136,,,Solapur
2021-04-27,,3668.03,,260.546,1040.534,,,Solapur
2021-04-28,,3614.383,,0.0,1039.181,,,Solapur
2021-04-29,,3719.76,,8.692,1035.906,,,Solapur
2021-04-30,,3706.516,,219.998,1042.344,,,Solapur
2021-05-01,,3490.702,,263.541,1020.121,,,Solapur
2021-05-02,,3410.15,,268.984,1018.485,,,Solapur
2021-05-03,,3455.326,,244.12,1012.663,,,Solapur
2021-05-04,,3457.533,,254.55,1015.003,,,Solapur
2021-05-05,,3397.585,,243.45,1005.814,,,Solapur
2021-05-06,,3419.957,,256.675,1006.74,,,Solapur
2021-05-07,,3511.626,,245.831,1020.156,,,Solapur
2021-05-08,,3476.676,,235.551,1025.165,,,Solapur
2021-05-09,,3407.791,,221.707,1031.388,,,Solapur
2021-05-10,,3476.334,,238.842,1019.196,,,Solapur
2021-05-11,,3378.174,,240.167,1036.638,,,Solapur
2021-05-12,,3277.79,,224.669,1027.094,,,Solapur
2021-05-13,,3185.538,,209.214,1010.523,,,Solapur
2021-05-14,,3282.171,,234.622,1014.321,,,Solapur
2021-05-15,,3252.345,,196.031,1013.138,,,Solapur
2021-05-16,,2984.57,,0.0,1044.551,,,Solapur
2021-05-17,,2995.61,,0.0,1010.394,,,Solapur
2021-05-18,,2915.064,,117.897,1028.005,,,Solapur
2021-05-19,,2975.583,,165.384,1035.358,,,Solapur
2021-05-20,,2956.937,,189.359,974.948,,,Solapur
2021-05-21,,2964.19,,225.676,964.702,,,Solapur
2021-05-22,,3057.037,,239.637,967.339,,,Solapur
2021-05-23,,3128.227,,224.27,985.546,,,Solapur
2021-05-24,,3189.038,,0.0,981.181,,,Solapur
2021-05-25,,3126.644,,0.0,996.62,,,Solapur
2021-05-26,,3084.539,,0.0,996.434,,,Solapur
2021-05-27,,3102.496,,197.311,979.696,,,Solapur
2021-05-28,,3239.433,,203.847,976.688,,,Solapur
2021-05-29,,3296.541,,198.773,988.271,,,Solapur
2021-05-30,,3109.699,,184.328,1018.692,,,Solapur
2021-05-31,,3271.978,,187.241,1028.046,,,Solapur
2021-06-01,,3064.359,,200.937,1025.88,,,Solapur
2021-06-02,,3287.125,,177.394,1041.287,,,Solapur
2021-06-03,,3314.745,,194.957,1054.196,,,Solapur
2021-06-04,,3327.761,,172.921,1049.736,,,Solapur
2021-06-05,,3265.223,,181.145,1056.127,,,Solapur
2021-06-06,,3113.413,,190.348,1039.031,,,Solapur
2021-06-07,,3197.16,,173.772,1042.107,,,Solapur
2021-06-08,,3144.894,,173.996,1025.87,,,Solapur
2021-06-09,,3193.803,,53.405,1026.866,,,Solapur
2021-06-10,,3110.964,,0.0,1018.452,,,Solapur
2021-06-11,,3040.47,,5.228,1010.384,,,Solapur
2021-06-12,,3033.157,,120.643,1024.424,,,Solapur
2021-06-13,,2875.551,,2.898,1000.969,,,Solapur
2021-06-14,,3124.787,,0.0,1013.151,,,Solapur
2021-06-15,,3122.174,,189.641,1023.402,,,Solapur
2021-06-16,,3233.512,,215.992,1038.819,,,Solapur
2021-06-17,,3226.226,,4.889,1023.56,,,Solapur
2021-06-18,,3236.207,,0.484,1022.441,,,Solapur
2021-06-19,,3094.95,,141.223,1014.038,,,Solapur
2021-06-20,,2935.387,,166.319,994.989,,,Solapur
2021-06-21,,3160.137,,161.308,992.89,,,Solapur
2021-06-22,,3270.439,,176.181,990.559,,,Solapur
2021-06-23,,3451.915,,0.0,1018.356,,,Solapur
2021-06-24,,3327.058,,192.467,1029.823,,,Solapur
2021-06-25,,3295.328,,0.0,1021.638,,,Solapur
2021-06-26,,3222.96,,171.03,1009.048,,,Solapur
2021-06-27,,3299.607,,0.0,1037.137,,,Solapur
2021-06-28,,3542.755,,179.794,1043.413,,,Solapur
2021-06-29,,3683.117,,182.409,1034.419,,,Solapur
2021-06-30,,3596.827,,166.406,1033.922,,,Solapur
2021-07-01,,3489.003,,0.0,1034.009,,,Solapur
2021-07-02,,3360.252,,0.0,1005.687,,,Solapur
2021-07-03,,3375.816,,44.135,1006.189,,,Solapur
2021-07-04,,3402.172,,0.0,1007.86,,,Solapur
2021-07-05,,3597.839,,89.807,1010.595,,,Solapur
2021-07-06,,3599.774,,156.362,1020.146,,,Solapur
2021-07-07,,3637.245,,0.124,1026.979,,,Solapur
2021-07-08,,3605.796,,124.202,1052.97,,,Solapur
2021-07-09,,3554.261,,163.214,1044.571,,,Solapur
2021-07-10,,3629.126,,30.543,1058.071,,,Solapur
2021-07-11,,3362.284,,0.0,1047.349,,,Solapur
2021-07-12,,3300.259,,153.517,1046.114,,,Solapur
2021-07-13,,3231.027,,605.689,1051.225,,,Solapur
2021-07-14,,3193.919,,156.741,1047.251,,,Solapur
2021-07-15,,3251.969,,0.0,1048.903,,,Solapur
2021-07-16,,3459.932,,0.865,1046.497,,,Solapur
2021-07-17,,3504.148,,174.076,1045.426,,,Solapur
2021-07-18,,3168.496,,786.37,1039.543,,,Solapur
2021-07-19,,2919.489,,423.849,1018.218,,,Solapur
2021-07-20,,2889.034,,91.383,1006.805,,,Solapur
2021-07-21,,2809.212,,0.0,1004.878,,,Solapur
2021-07-22,,2911.089,,0.0,1007.574,,,Solapur
2021-07-23,,3066.034,,0.0,1013.214,,,Solapur
2021-07-24,,2992.084,,1356.028,997.855,,,Solapur
2021-07-25,,2942.389,,434.344,994.845,,,Solapur
2021-07-26,,3026.804,,151.776,998.453,,,Solapur
2021-07-27,,2992.298,,151.776,991.282,,,Solapur
2021-07-28,,2826.028,,161.462,976.515,,,Solapur
2021-07-29,,2864.332,,1.089,981.867,,,Solapur
2021-07-30,,2933.673,,0.072,981.62,,,Solapur
2021-07-31,,2882.448,,893.069,962.052,,,Solapur
2021-08-01,,2691.466,,182.686,958.683,,,Solapur
2021-08-02,,2955.549,,3.743,966.165,,,Solapur
2021-08-03,,3014.131,,1492.312,979.842,,,Solapur
2021-08-04,,3002.63,,192.821,976.661,,,Solapur
2021-08-05,,3169.028,,35.346,985.526,,,Solapur
2021-08-06,,3219.587,,176.225,979.258,,,Solapur
2021-08-07,,3323.593,,112.145,988.8,,,Solapur
2021-08-08,,3336.809,,183.828,996.443,,,Solapur
2021-08-09,,3400.907,,349.364,994.401,,,Solapur
2021-08-10,,3389.024,,349.364,980.895,,,Solapur
2021-08-11,,3412.274,,171.259,976.218,,,Solapur
2021-08-12,,3454.518,,162.713,973.562,,,Solapur
2021-08-13,,3483.474,,168.053,978.948,,,Solapur
2021-08-14,,3403.301,,212.905,973.396,,,Solapur
2021-08-15,,3316.301,,156.233,982.787,,,Solapur
2021-08-16,,3127.7,,0.0,973.56,,,Solapur
2021-08-17,,3545.483,,124.347,1044.495,,,Solapur
2021-08-18,,3485.087,,145.158,1028.655,,,Solapur
2021-08-19,,3384.401,,345.829,1014.14,,,Solapur
2021-08-20,,3353.221,,74.114,1020.637,,,Solapur
2021-08-21,,3315.429,,5.593,1016.951,,,Solapur
2021-08-22,,3179.926,,122.239,1024.357,,,Solapur
2021-08-23,,3342.954,,177.916,1011.363,,,Solapur
2021-08-24,,3343.638,,167.637,1024.167,,,Solapur
2021-08-25,,3385.18,,324.029,1008.305,,,Solapur
2021-08-26,,3381.689,,142.616,1005.06,,,Solapur
2021-08-27,,3460.74,,39.055,997.179,,,Solapur
2021-08-28,,3469.671,,149.105,1000.776,,,Solapur
2021-08-29,,3315.105,,135.667,1014.35,,,Solapur
2021-08-30,,3369.29,,14.455,1021.698,,,Solapur
2021-08-31,,3313.944,,175.83,1041.259,,,Solapur
2021-09-01,,3305.261,,100.643,1033.359,,,Solapur
2021-09-02,,3371.773,,83.278,1027.615,,,Solapur
2021-09-03,,3355.034,,140.026,1019.548,,,Solapur
2021-09-04,,3182.145,,1141.102,1031.375,,,Solapur
2021-09-05,,3145.543,,138.447,1047.229,,,Solapur
2021-09-06,,3257.966,,0.171,1050.059,,,Solapur
2021-09-07,,3150.559,,0.0,1038.556,,,Solapur
2021-09-08,,3057.002,,178.309,1017.486,,,Solapur
2021-09-09,,3244.812,,89.052,1015.574,,,Solapur
2021-09-10,,3123.959,,174.572,1008.668,,,Solapur
2021-09-11,,2993.922,,0.135,1007.798,,,Solapur
2021-09-12,,2738.053,,152.156,984.166,,,Solapur
2021-09-13,,2876.695,,176.963,988.931,,,Solapur
2021-09-14,,2925.898,,176.206,982.58,,,Solapur
2021-09-15,,2975.649,,549.334,966.65,,,Solapur
2021-09-16,,2974.718,,634.23,968.386,,,Solapur
2021-09-17,,3049.659,,133.615,979.001,,,Solapur
2021-09-18,,3245.925,,165.375,981.757,,,Solapur
2021-09-19,,3350.212,,199.809,1004.643,,,Solapur
2021-09-20,,3419.76,,1016.986,1024.379,,,Solapur
2021-09-21,,3317.056,,334.264,1026.915,,,Solapur
2021-09-22,,3208.704,,275.83,1021.239,,,Solapur
2021-09-23,,3232.183,,182.784,1028.423,,,Solapur
2021-09-24,,3274.313,,187.159,1005.307,,,Solapur
2021-09-25,,3226.754,,196.685,1016.902,,,Solapur
2021-09-26,,3206.937,,196.685,1020.704,,,Solapur
2021-09-27,,3153.092,,100.67,1044.78,,,Solapur
2021-09-28,,3129.834,,61.835,1026.318,,,Solapur
2021-09-29,,3115.136,,159.518,1010.573,,,Solapur
2021-09-30,,3228.368,,161.463,1018.518,,,Solapur
2021-10-01,,3390.045,,1001.132,1027.789,,,Solapur
2021-10-02,,3246.065,,150.954,1021.872,,,Solapur
2021-10-03,,3144.613,,175.3,1022.549,,,Solapur
2021-10-04,,3324.235,,152.083,1026.642,,,Solapur
2021-10-05,,3373.443,,193.853,1031.535,,,Solapur
2021-10-06,,3382.261,,1708.985,1034.804,,,Solapur
2021-10-07,,3373.261,,161.719,1026.85,,,Solapur
2021-10-08,,3416.153,,178.005,1049.35,,,Solapur
2021-10-09,,3369.951,,98.447,1049.488,,,Solapur
2021-10-10,,3253.966,,214.893,1048.411,,,Solapur
2021-10-11,,3428.352,,200.011,1016.137,,,Solapur
2021-10-12,,3469.568,,333.965,970.251,,,Solapur
2021-10-13,,3480.8,,253.149,977.006,,,Solapur
2021-10-14,,3397.921,,0.897,991.609,,,Solapur
2021-10-15,,3278.729,,1.319,973.927,,,Solapur
2021-10-16,,3370.212,,248.201,988.111,,,Solapur
2021-10-17,,3201.267,,1413.12,1010.656,,,Solapur
2021-10-18,,3119.253,,297.658,992.877,,,Solapur
2021-10-19,,3264.227,,245.177,958.766,,,Solapur
2021-10-20,,3289.426,,218.702,938.171,,,Solapur
2021-10-21,,3260.163,,11.543,918.354,,,Solapur
2021-10-22,,3250.156,,1435.771,913.292,,,Solapur
2021-10-23,,3281.706,,445.283,920.978,,,Solapur
2021-10-24,,3083.506,,223.132,933.185,,,Solapur
2021-10-25,,3210.379,,213.391,920.061,,,Solapur
2021-10-26,,3229.832,,117.46,918.928,,,Solapur
2021-10-27,,3232.666,,32.169,927.939,,,Solapur
2021-10-28,,3206.571,,454.855,926.671,,,Solapur
2021-10-29,,3247.521,,122.826,935.44,,,Solapur
2021-10-30,,3209.624,,224.4,945.224,,,Solapur
2021-10-31,,3158.26,,202.785,945.29,,,Solapur
2021-11-01,,3206.913,,0.0,949.096,,,Solapur
2021-11-02,,3171.83,,1879.067,981.585,,,Solapur
2021-11-03,,3130.726,,203.234,1013.362,,,Solapur
2021-11-04,,2894.499,,220.618,1020.848,,,Solapur
2021-11-05,,2843.164,,212.341,987.907,,,Solapur
2021-11-06,,3072.691,,180.171,944.104,,,Solapur
2021-11-07,,2984.493,,979.733,925.593,,,Solapur
2021-11-08,,3150.39,,492.75,932.108,,,Solapur
2021-11-09,,3202.146,,103.562,937.509,,,Solapur
2021-11-10,,3338.093,,88.283,945.931,,,Solapur
2021-11-11,,3252.134,,0.0,944.986,,,Solapur
2021-11-12,,3338.82,,0.0,972.209,,,Solapur
2021-11-13,,3279.941,,790.828,1041.159,,,Solapur
2021-11-14,,3197.334,,237.136,1060.576,,,Solapur
2021-11-15,,3249.712,,217.735,1056.381,,,Solapur
2021-11-16,,3238.412,,196.0,1060.589,,,Solapur
2021-11-17,,3275.226,,0.0,1067.998,,,Solapur
2021-11-18,,3308.266,,955.913,1059.539,,,Solapur
2021-11-19,,3232.784,,0.0,1079.903,,,Solapur
2021-11-20,,3300.086,,110.726,1080.71,,,Solapur
2021-11-21,,3136.338,,222.533,1095.835,,,Solapur
2021-11-22,,3333.117,,245.223,1090.96,,,Solapur
2021-11-23,,3378.288,,1006.605,1088.237,,,Solapur
2021-11-24,,3385.447,,661.695,1050.318,,,Solapur
2021-11-25,,3361.888,,238.52,999.008,,,Solapur
2021-11-26,,3343.537,,224.411,955.596,,,Solapur
2021-11-27,,3299.497,,0.0,952.169,,,Solapur
2021-11-28,,3102.455,,0.0,950.475,,,Solapur
2021-11-29,,3176.902,,166.147,992.185,,,Solapur
2021-11-30,,3201.534,,66.779,1005.816,,,Solapur
2021-12-01,,3235.372,,227.708,1016.424,,,Solapur
2021-12-02,,3134.25,,233.159,1039.938,,,Solapur
2021-12-03,,3221.97,,225.635,1058.417,,,Solapur
2021-12-04,,3229.063,,831.617,1042.287,,,Solapur
2021-12-05,,3121.085,,263.082,1015.118,,,Solapur
2021-12-06,,3254.382,,254.142,969.621,,,Solapur
2021-12-07,,3308.882,,232.545,975.577,,,Solapur
2021-12-08,,3304.871,,248.125,972.298,,,Solapur
2021-12-09,,3337.735,,1190.049,969.376,,,Solapur
2021-12-10,,3308.208,,521.911,992.411,,,Solapur
2021-12-11,,3269.498,,229.687,966.864,,,Solapur
2021-12-12,,3122.683,,246.359,960.549,,,Solapur
2021-12-13,,3293.88,,223.591,959.043,,,Solapur
2021-12-14,,3399.033,,0.0,986.236,,,Solapur
2021-12-15,,3385.865,,918.324,957.109,,,Solapur
2021-12-16,,3367.982,,49.008,947.396,,,Solapur
2021-12-17,,3353.915,,14.625,945.177,,,Solapur
2021-12-18,,3339.226,,100.638,942.293,,,Solapur
2021-12-19,,3168.87,,341.425,936.373,,,Solapur
2021-12-20,,3416.313,,1054.104,938.075,,,Solapur
2021-12-21,,3535.862,,257.352,939.823,,,Solapur
2021-12-22,,3593.343,,287.764,944.013,,,Solapur
2021-12-23,,3626.395,,2.524,947.85,,,Solapur
2021-12-24,,3650.962,,886.815,953.829,,,Solapur
2021-12-25,,3565.371,,1556.579,950.61,,,Solapur
2021-12-26,,3474.054,,600.893,963.169,,,Solapur
2021-12-27,,3574.108,,1.268,957.569,,,Solapur
2021-12-28,,3493.795,,263.26,962.12,,,Solapur
2021-12-29,,3405.043,,262.617,953.208,,,Solapur
2021-12-30,,3367.99,,612.975,964.99,,,Solapur
2021-12-31,,3385.778,,688.925,951.824,,,Solapur
2022-01-01,,3371.503,,242.813,974.861,,,Solapur
2022-01-02,,3227.112,,265.298,960.168,,,Solapur
2022-01-03,,3421.904,,0.492,948.799,,,Solapur
2022-01-04,,3511.513,,19.199,949.592,,,Solapur
2022-01-05,,3549.128,,838.429,950.017,,,Solapur
2022-01-06,,3491.083,,475.647,951.735,,,Solapur
2022-01-07,,3479.291,,242.805,968.836,,,Solapur
2022-01-08,,3354.618,,232.555,971.974,,,Solapur
2022-01-09,,3216.999,,20.928,963.019,,,Solapur
2022-01-10,,3341.896,,1798.366,962.044,,,Solapur
2022-01-11,,3357.627,,937.523,960.126,,,Solapur
2022-01-12,,3380.266,,187.521,970.485,,,Solapur
2022-01-13,,3462.22,,225.294,950.947,,,Solapur
2022-01-14,,3371.671,,226.984,966.727,,,Solapur
2022-01-15,,3280.429,,224.371,957.511,,,Solapur
2022-01-16,,3273.543,,1045.322,989.9,,,Solapur
2022-01-17,,3499.175,,215.574,982.905,,,Solapur
2022-01-18,,3586.051,,252.948,952.788,,,Solapur
2022-01-19,,3499.456,,259.25,948.793,,,Solapur
2022-01-20,,3524.794,,666.137,960.229,,,Solapur
2022-01-21,,3546.521,,1623.472,971.921,,,Solapur
2022-01-22,,3340.676,,837.597,968.898,,,Solapur
2022-01-23,,3288.016,,207.432,943.286,,,Solapur
2022-01-24,,3482.733,,1733.273,942.966,,,Solapur
2022-01-25,,3494.678,,1507.266,940.702,,,Solapur
2022-01-26,,3386.101,,2162.472,941.721,,,Solapur
2022-01-27,,3435.307,,946.371,937.804,,,Solapur
2022-01-28,,3498.914,,269.738,940.858,,,Solapur
2022-01-29,,3512.81,,76.729,939.51,,,Solapur
2022-01-30,,3491.224,,214.992,946.415,,,Solapur
2022-01-31,,3572.236,,1160.577,956.473,,,Solapur
2022-02-01,,3576.878,,1113.454,962.284,,,Solapur
2022-02-02,,3627.205,,542.474,973.485,,,Solapur
2022-02-03,,3484.593,,86.743,976.458,,,Solapur
2022-02-04,,3551.018,,330.219,946.399,,,Solapur
2022-02-05,,3589.423,,1037.213,957.449,,,Solapur
2022-02-06,,3518.447,,1108.067,965.604,,,Solapur
2022-02-07,,3590.225,,270.477,978.197,,,Solapur
2022-02-08,,3684.93,,71.066,989.103,,,Solapur
2022-02-09,,3626.48,,149.066,979.106,,,Solapur
2022-02-10,,3538.883,,240.891,974.532,,,Solapur
2022-02-11,,3567.233,,841.729,975.333,,,Solapur
2022-02-12,,3535.057,,60.85,964.965,,,Solapur
2022-02-13,,3470.486,,0.0,967.608,,,Solapur
2022-02-14,,3511.666,,1.95,978.709,,,Solapur
2022-02-15,,3551.122,,8.171,987.745,,,Solapur
2022-02-16,,3637.901,,348.631,988.226,,,Solapur
2022-02-17,,3623.23,,1318.742,984.041,,,Solapur
2022-02-18,,3618.386,,2.214,984.241,,,Solapur
2022-02-19,,3583.023,,216.666,987.226,,,Solapur
2022-02-20,,3532.903,,155.606,994.412,,,Solapur
2022-02-21,,3639.092,,519.356,984.874,,,Solapur
2022-02-22,,3615.896,,1269.249,994.814,,,Solapur
2022-02-23,,3617.56,,304.573,999.527,,,Solapur
2022-02-24,,3721.872,,210.763,992.88,,,Solapur
2022-02-25,,3631.651,,223.26,994.216,,,Solapur
2022-02-26,,3560.08,,240.871,984.917,,,Solapur
2022-02-27,,3412.887,,1288.271,975.071,,,Solapur
2022-02-28,,3583.213,,815.175,987.561,,,Solapur
2022-03-01,,3613.309,,901.414,1002.504,,,Solapur
2022-03-02,,3477.209,,122.286,997.092,,,Solapur
2022-03-03,,3460.236,,134.189,996.648,,,Solapur
2022-03-04,,3576.853,,561.624,998.787,,,Solapur
2022-03-05,,3621.441,,954.08,999.638,,,Solapur
2022-03-06,,3573.831,,275.573,1000.2,,,Solapur
2022-03-07,,3608.65,,265.447,993.855,,,Solapur
2022-03-08,,3592.896,,102.644,993.856,,,Solapur
2022-03-09,,3627.622,,102.644,1001.369,,,Solapur
2022-03-10,,3729.609,,1263.885,1004.05,,,Solapur
2022-03-11,,3791.746,,486.708,1004.143,,,Solapur
2022-03-12,,3787.73,,191.557,993.554,,,Solapur
2022-03-13,,3700.089,,298.221,1017.7,,,Solapur
2022-03-14,,3786.437,,0.238,1012.509,,,Solapur
2022-03-15,,3829.599,,1954.847,1012.461,,,Solapur
2022-03-16,,3884.974,,1678.765,1018.692,,,Solapur
2022-03-17,,3857.574,,1632.899,1022.825,,,Solapur
2022-03-18,,3594.541,,802.076,1028.807,,,Solapur
2022-03-19,,3637.549,,470.229,1022.769,,,Solapur
2022-03-20,,3721.454,,713.489,1025.052,,,Solapur
2022-03-21,,3825.508,,2156.604,1031.741,,,Solapur
2022-03-22,,3846.239,,764.733,1020.303,,,Solapur
2022-03-23,,3885.69,,346.879,1029.027,,,Solapur
2022-03-24,,3920.061,,156.126,1039.814,,,Solapur
2022-03-25,,3931.885,,348.435,1036.43,,,Solapur
2022-03-26,,3899.794,,1998.992,1043.262,,,Solapur
2022-03-27,,3753.672,,985.319,1050.236,,,Solapur
2022-03-28,,3833.746,,935.667,1050.256,,,Solapur
2022-03-29,,3867.39,,390.138,1042.54,,,Solapur
2022-03-30,,3956.361,,436.224,1044.222,,,Solapur
2022-03-31,,3976.77,,2112.494,1041.08,,,Solapur
2022-04-01,,3977.755,,1737.872,1048.549,,,Solapur
2022-04-02,,3962.787,,1454.044,1057.581,,,Solapur
2022-04-03,,3840.722,,290.853,1052.457,,,Solapur
2022-04-04,,3959.321,,295.028,1047.975,,,Solapur
2022-04-05,,4015.641,,1409.038,1045.414,,,Solapur
2022-04-06,,3932.558,,1942.348,1043.345,,,Solapur
2022-04-07,,3961.044,,1419.534,1045.38,,,Solapur
2022-04-08,,3928.291,,363.354,1046.639,,,Solapur
2022-04-09,,3935.113,,369.982,1045.569,,,Solapur
2022-04-10,,3805.564,,487.154,1039.663,,,Solapur
2022-04-11,,3878.411,,2027.489,1040.325,,,Solapur
2022-04-12,,3948.095,,346.58,1049.288,,,Solapur
2022-04-13,,3965.933,,816.178,1052.172,,,Solapur
2022-04-14,,3923.282,,187.831,1055.031,,,Solapur
2022-04-15,,3871.247,,0.0,1049.558,,,Solapur
2022-04-16,,3947.138,,2323.893,1060.434,,,Solapur
2022-04-17,,3809.285,,1828.092,1058.475,,,Solapur
2022-04-18,,3952.135,,1982.185,1059.461,,,Solapur
2022-04-19,,4010.257,,964.816,1059.541,,,Solapur
2022-04-20,,3985.501,,682.965,1078.514,,,Solapur
2022-04-21,,3997.138,,1864.257,1079.363,,,Solapur
2022-04-22,,4001.549,,745.868,1057.236,,,Solapur
2022-04-23,,3999.681,,560.914,1033.898,,,Solapur
2022-04-24,,3854.334,,0.0,1035.871,,,Solapur
2022-04-25,,4006.675,,265.595,1061.292,,,Solapur
2022-04-26,,4036.746,,103.124,1064.521,,,Solapur
2022-04-27,,4098.603,,1814.971,1074.543,,,Solapur
2022-04-28,,4064.966,,1120.178,1069.749,,,Solapur
2022-04-29,,4009.653,,1116.15,1075.811,,,Solapur
2022-04-30,,3921.131,,437.3,1073.158,,,Solapur
2022-05-01,,3668.767,,363.062,1063.826,,,Solapur
2022-05-02,,3756.093,,2079.918,1059.378,,,Solapur
2022-05-03,,3771.425,,1536.684,1057.427,,,Solapur
2022-05-04,,3858.496,,1536.684,1060.527,,,Solapur
2022-05-05,,3828.247,,862.84,1062.332,,,Solapur
2022-05-06,,3949.847,,418.257,1077.163,,,Solapur
2022-05-07,,3923.436,,614.456,1081.226,,,Solapur
2022-05-08,,3758.373,,353.793,1075.05,,,Solapur
2022-05-09,,3811.691,,1330.495,1083.952,,,Solapur
2022-05-10,,3728.767,,0.0,1079.23,,,Solapur
2022-05-11,,3780.588,,0.0,1049.919,,,Solapur
2022-05-12,,3755.726,,3.104,1030.197,,,Solapur
2022-05-13,,3713.661,,262.049,1034.426,,,Solapur
2022-05-14,,3673.71,,2090.921,1043.195,,,Solapur
2022-05-15,,3580.032,,1583.381,1040.372,,,Solapur
2022-05-16,,3722.923,,0.0,1035.277,,,Solapur
2022-05-17,,3797.804,,0.0,1028.09,,,Solapur
2022-05-18,,3920.88,,1270.909,1013.724,,,Solapur
2022-05-19,,3899.176,,0.0,1090.486,,,Solapur
2022-05-20,,3718.211,,0.0,1082.441,,,Solapur
2022-05-21,,3355.846,,243.247,1032.373,,,Solapur
2022-05-22,,3094.203,,1036.547,1027.37,,,Solapur
2022-05-23,,3030.878,,0.0,1013.864,,,Solapur
2022-05-24,,3322.962,,1683.362,999.277,,,Solapur
2022-05-25,,3509.476,,2067.617,1005.297,,,Solapur
2022-05-26,,3609.659,,1235.54,1025.772,,,Solapur
2022-05-27,,3558.775,,830.227,1017.163,,,Solapur
2022-05-28,,3547.051,,1176.033,1010.432,,,Solapur
2022-05-29,,3508.798,,2667.142,1019.216,,,Solapur
2022-05-30,,3723.065,,2435.396,1023.386,,,Solapur
2022-05-31,,3800.166,,35.646,1018.918,,,Solapur
2022-06-01,,3801.999,,399.163,1001.527,,,Solapur
2022-06-02,,3790.798,,991.329,1020.205,,,Solapur
2022-06-03,,3771.834,,1906.005,1023.673,,,Solapur
2022-06-04,,3732.636,,1715.309,1024.707,,,Solapur
2022-06-05,,3652.458,,1635.14,1020.146,,,Solapur
2022-06-06,,3748.123,,1.41,1012.495,,,Solapur
2022-06-07,,3767.822,,598.3,1006.155,,,Solapur
2022-06-08,,3754.26,,489.44,1005.018,,,Solapur
2022-06-09,,3711.857,,1199.494,1043.054,,,Solapur
2022-06-10,,3821.74,,308.246,1029.444,,,Solapur
2022-06-11,,3773.362,,205.587,1044.642,,,Solapur
2022-06-12,,3656.993,,182.162,1043.213,,,Solapur
2022-06-13,,3847.727,,123.943,1031.699,,,Solapur
2022-06-14,,3829.491,,1217.768,1008.418,,,Solapur
2022-06-15,,3713.61,,175.227,978.428,,,Solapur
2022-06-16,,3688.47,,200.414,989.361,,,Solapur
2022-06-17,,3622.495,,181.063,1017.547,,,Solapur
2022-06-18,,3478.404,,209.027,1035.478,,,Solapur
2022-06-19,,3240.842,,1622.409,1032.094,,,Solapur
2022-06-20,,3240.608,,187.804,1040.26,,,Solapur
2022-06-21,,3266.64,,121.022,1056.101,,,Solapur
2022-06-22,,3533.08,,0.0,1076.411,,,Solapur
2022-06-23,,3684.455,,0.0,1079.333,,,Solapur
2022-06-24,,3639.341,,155.099,1066.563,,,Solapur
2022-06-25,,3556.438,,838.2,1065.85,,,Solapur
2022-06-26,,3467.068,,143.302,1079.902,,,Solapur
2022-06-27,,3662.465,,0.0,1066.339,,,Solapur
2022-06-28,,3726.416,,30.985,1060.995,,,Solapur
2022-06-29,,3593.512,,151.173,1060.436,,,Solapur
2022-06-30,,3346.755,,580.714,1058.558,,,Solapur
2022-07-01,,3328.357,,171.271,1047.259,,,Solapur
2022-07-02,,3380.473,,4.827,1043.492,,,Solapur
2022-07-03,,3282.16,,152.305,1038.146,,,Solapur
2022-07-04,,3515.044,,178.825,1053.879,,,Solapur
2022-07-05,,3538.368,,425.24,1055.757,,,Solapur
2022-07-06,,3542.652,,0.0,1049.502,,,Solapur
2022-07-07,,3568.213,,0.0,1055.207,,,Solapur
2022-07-08,,3482.191,,0.0,1049.334,,,Solapur
2022-07-09,,3297.769,,0.0,1046.201,,,Solapur
2022-07-10,,3073.063,,0.0,1029.161,,,Solapur
2022-07-11,,3236.122,,0.0,1041.189,,,Solapur
2022-07-12,,3232.126,,0.0,1034.289,,,Solapur
2022-07-13,,3288.895,,0.0,1040.299,,,Solapur
2022-07-14,,3229.827,,0.0,1022.74,,,Solapur
2022-07-15,,3251.166,,41.834,1006.835,,,Solapur
2022-07-16,,3266.07,,943.772,1020.289,,,Solapur
2022-07-17,,3127.942,,0.0,1020.333,,,Solapur
2022-07-18,,3351.909,,0.0,1034.446,,,Solapur
2022-07-19,,3357.614,,157.483,1022.902,,,Solapur
2022-07-20,,3286.762,,174.701,1016.065,,,Solapur
2022-07-21,,3145.458,,47.013,992.726,,,Solapur
2022-07-22,,3185.709,,170.923,1002.248,,,Solapur
2022-07-23,,3143.401,,0.0,1007.718,,,Solapur
2022-07-24,,2952.298,,87.954,1002.855,,,Solapur
2022-07-25,,3159.264,,160.09,1006.122,,,Solapur
2022-07-26,,3369.61,,0.0,1031.651,,,Solapur
2022-07-27,,3404.625,,312.569,1033.186,,,Solapur
2022-07-28,,3393.403,,0.001,1027.034,,,Solapur
2022-07-29,,3465.95,,144.356,1044.602,,,Solapur
2022-07-30,,3337.075,,94.925,1031.956,,,Solapur
2022-07-31,,3136.162,,129.219,1020.615,,,Solapur
2022-08-01,,3270.482,,459.703,1021.037,,,Solapur
2022-08-02,,3352.541,,0.0,1016.029,,,Solapur
2022-08-03,,3500.786,,0.0,1031.639,,,Solapur
2022-08-04,,3485.277,,139.696,1043.151,,,Solapur
2022-08-05,,3362.751,,166.296,1029.649,,,Solapur
2022-08-06,,3277.119,,783.947,1015.338,,,Solapur
2022-08-07,,3104.926,,193.585,1003.906,,,Solapur
2022-08-08,,3191.454,,0.0,1015.208,,,Solapur
2022-08-09,,3201.268,,0.0,1002.528,,,Solapur
2022-08-10,,3160.838,,0.018,980.881,,,Solapur
2022-08-11,,2941.705,,184.62,964.888,,,Solapur
2022-08-12,,3080.911,,103.514,969.942,,,Solapur
2022-08-13,,3252.044,,0.0,978.856,,,Solapur
2022-08-14,,3030.694,,0.0,971.039,,,Solapur
2022-08-15,,2889.604,,125.729,976.62,,,Solapur
2022-08-16,,3004.182,,121.388,974.119,,,Solapur
2022-08-17,,3214.401,,262.379,981.456,,,Solapur
2022-08-18,,3370.965,,117.744,990.626,,,Solapur
2022-08-19,,3326.362,,167.124,988.642,,,Solapur
2022-08-20,,3295.242,,129.648,984.764,,,Solapur
2022-08-21,,3149.327,,76.438,968.652,,,Solapur
2022-08-22,,3334.145,,1193.059,974.103,,,Solapur
2022-08-23,,3418.838,,1111.015,993.569,,,Solapur
2022-08-24,,3386.328,,382.89,998.654,,,Solapur
2022-08-25,,3415.157,,160.593,987.074,,,Solapur
2022-08-26,,3510.263,,176.624,981.022,,,Solapur
2022-08-27,,3390.948,,175.905,970.585,,,Solapur
2022-08-28,,3230.554,,164.899,962.628,,,Solapur
2022-08-29,,3533.119,,0.0,978.16,,,Solapur
2022-08-30,,3652.962,,124.463,1018.205,,,Solapur
2022-08-31,,3620.637,,140.58,1013.611,,,Solapur
2022-09-01,,3607.081,,134.085,1029.702,,,Solapur
2022-09-02,,3628.528,,481.006,1018.606,,,Solapur
2022-09-03,,3622.52,,140.043,1019.427,,,Solapur
2022-09-04,,3396.254,,0.0,1023.933,,,Solapur
2022-09-05,,3555.868,,168.364,1037.988,,,Solapur
2022-09-06,,3619.47,,191.524,1031.613,,,Solapur
2022-09-07,,3643.995,,280.598,1044.175,,,Solapur
2022-09-08,,3605.757,,176.208,1042.687,,,Solapur
2022-09-09,,3518.178,,181.246,1033.728,,,Solapur
2022-09-10,,3441.987,,0.0,1038.822,,,Solapur
2022-09-11,,3191.632,,0.0,1017.816,,,Solapur
2022-09-12,,3242.626,,0.0,1018.963,,,Solapur
2022-09-13,,3211.886,,913.894,999.486,,,Solapur
2022-09-14,,3170.7,,148.717,986.902,,,Solapur
2022-09-15,,3131.206,,203.435,984.403,,,Solapur
2022-09-16,,2961.311,,0.0,976.223,,,Solapur
2022-09-17,,3019.168,,157.325,975.733,,,Solapur
2022-09-18,,3130.131,,1131.529,977.347,,,Solapur
2022-09-19,,3244.759,,572.567,984.962,,,Solapur
2022-09-20,,3274.882,,344.401,993.486,,,Solapur
2022-09-21,,3239.039,,187.558,984.525,,,Solapur
2022-09-22,,3107.954,,0.0,973.14,,,Solapur
2022-09-23,,3091.109,,158.74,958.856,,,Solapur
2022-09-24,,3016.194,,555.664,977.412,,,Solapur
2022-09-25,,3097.606,,187.637,983.748,,,Solapur
2022-09-26,,3318.384,,7.248,1012.989,,,Solapur
2022-09-27,,3350.596,,210.961,1016.813,,,Solapur
2022-09-28,,3329.302,,0.0,1029.291,,,Solapur
2022-09-29,,3372.94,,0.283,1037.118,,,Solapur
2022-09-30,,3417.382,,515.346,1027.503,,,Solapur
2022-10-01,,3276.6,,166.421,1023.32,,,Solapur
2022-10-02,,3125.971,,193.476,999.515,,,Solapur
2022-10-03,,3298.937,,0.692,996.771,,,Solapur
2022-10-04,,3407.94,,1293.082,1002.735,,,Solapur
2022-10-05,,3246.926,,194.894,997.592,,,Solapur
2022-10-06,,3232.789,,0.0,1026.076,,,Solapur
2022-10-07,,3212.166,,238.812,1025.126,,,Solapur
2022-10-08,,3252.187,,196.29,1003.1,,,Solapur
2022-10-09,,3109.839,,1346.906,1010.728,,,Solapur
2022-10-10,,3281.884,,163.839,1036.27,,,Solapur
2022-10-11,,3273.118,,188.094,1037.101,,,Solapur
2022-10-12,,3303.412,,55.317,1045.484,,,Solapur
2022-10-13,,3318.904,,195.256,1042.986,,,Solapur
2022-10-14,,3283.353,,0.0,1045.754,,,Solapur
2022-10-15,,3244.803,,733.464,1027.092,,,Solapur
2022-10-16,,3131.75,,467.166,1043.616,,,Solapur
2022-10-17,,3403.784,,169.665,1059.418,,,Solapur
2022-10-18,,3418.201,,165.178,1066.533,,,Solapur
2022-10-19,,3438.378,,176.551,1051.173,,,Solapur
2022-10-20,,3413.038,,1432.957,1055.33,,,Solapur
2022-10-21,,3380.642,,199.236,1047.916,,,Solapur
2022-10-22,,3262.046,,223.062,972.176,,,Solapur
2022-10-23,,3073.62,,185.906,954.292,,,Solapur
2022-10-24,,2916.241,,249.687,950.004,,,Solapur
2022-10-25,,2871.143,,963.239,949.21,,,Solapur
2022-10-26,,3069.533,,277.279,946.209,,,Solapur
2022-10-27,,3223.439,,63.026,942.966,,,Solapur
2022-10-28,,3267.189,,221.407,928.862,,,Solapur
2022-10-29,,3304.633,,236.462,921.329,,,Solapur
2022-10-30,,3190.517,,709.166,923.087,,,Solapur
2022-10-31,,3251.269,,145.399,938.197,,,Solapur
2022-11-01,,3300.136,,258.329,956.448,,,Solapur
2022-11-02,,3346.88,,218.816,1002.403,,,Solapur
2022-11-03,,3302.937,,202.601,937.629,,,Solapur
2022-11-04,,3374.47,,15.236,939.109,,,Solapur
2022-11-05,,3354.709,,380.641,942.64,,,Solapur
2022-11-06,,3303.162,,480.085,935.916,,,Solapur
2022-11-07,,3356.997,,257.298,944.163,,,Solapur
2022-11-08,,3405.723,,3.654,949.116,,,Solapur
2022-11-09,,3356.27,,255.767,944.879,,,Solapur
2022-11-10,,3362.122,,829.545,940.478,,,Solapur
2022-11-11,,3380.628,,124.678,948.693,,,Solapur
2022-11-12,,3272.654,,224.958,948.519,,,Solapur
2022-11-13,,3196.944,,236.915,955.64,,,Solapur
2022-11-14,,3181.539,,237.466,955.853,,,Solapur
2022-11-15,,3267.873,,388.116,955.956,,,Solapur
2022-11-16,,3362.809,,388.116,949.495,,,Solapur
2022-11-17,,3407.327,,100.596,947.034,,,Solapur
2022-11-18,,3423.325,,182.674,945.257,,,Solapur
2022-11-19,,3439.826,,242.092,935.697,,,Solapur
2022-11-20,,3319.281,,68.409,935.503,,,Solapur
2022-11-21,,3452.368,,882.571,947.71,,,Solapur
2022-11-22,,3493.791,,241.586,954.006,,,Solapur
2022-11-23,,3495.427,,132.185,980.602,,,Solapur
2022-11-24,,3482.681,,230.569,987.899,,,Solapur
2022-11-25,,3474.947,,230.516,1004.596,,,Solapur
2022-11-26,,3465.582,,628.007,978.673,,,Solapur
2022-11-27,,3379.397,,218.194,980.693,,,Solapur
2022-11-28,,3488.894,,78.052,983.097,,,Solapur
2022-11-29,,3444.185,,254.576,973.21,,,Solapur
2022-11-30,,3441.267,,229.297,959.78,,,Solapur
2022-12-01,,3422.721,,701.927,948.206,,,Solapur
2022-12-02,,3483.846,,950.539,974.022,,,Solapur
2022-12-03,,3484.05,,236.991,1009.795,,,Solapur
2022-12-04,,3361.011,,237.852,1016.027,,,Solapur
2022-12-05,,3434.976,,183.278,977.733,,,Solapur
2022-12-06,,3527.228,,115.181,966.157,,,Solapur
2022-12-07,,3575.058,,1638.657,969.079,,,Solapur
2022-12-08,,3484.306,,278.176,945.096,,,Solapur
2022-12-09,,3467.462,,227.915,946.022,,,Solapur
2022-12-10,,3346.724,,0.0,968.757,,,Solapur
2022-12-11,,3222.344,,0.0,1060.995,,,Solapur
2022-12-12,,3403.843,,29.048,1091.623,,,Solapur
2022-12-13,,3408.515,,119.975,1072.842,,,Solapur
2022-12-14,,3398.801,,140.098,1063.418,,,Solapur
2022-12-15,,3436.397,,229.345,1039.501,,,Solapur
2022-12-16,,3518.147,,1.741,1022.126,,,Solapur
2022-12-17,,3527.972,,227.076,1014.326,,,Solapur
2022-12-18,,3458.314,,0.0,968.008,,,Solapur
2022-12-19,,3610.836,,190.894,947.463,,,Solapur
2022-12-20,,3623.171,,248.555,952.982,,,Solapur
2022-12-21,,3600.307,,37.298,959.092,,,Solapur
2022-12-22,,3622.673,,178.035,959.926,,,Solapur
2022-12-23,,3676.663,,437.074,964.888,,,Solapur
2022-12-24,,3642.934,,289.265,964.102,,,Solapur
2022-12-25,,3526.112,,187.834,960.381,,,Solapur
2022-12-26,,3594.509,,233.978,1025.785,,,Solapur
2022-12-27,,3658.263,,104.737,1018.207,,,Solapur
2022-12-28,,3722.051,,779.957,986.463,,,Solapur
2022-12-29,,3733.504,,0.0,984.684,,,Solapur
2022-12-30,,3681.66,,228.828,983.906,,,Solapur
2022-12-31,,3633.29,,279.985,984.862,,,Solapur
2023-01-01,,3505.514,,26.252,977.765,,,Solapur
2023-01-02,,3611.119,,185.261,981.535,,,Solapur
2023-01-03,,3592.422,,520.765,968.552,,,Solapur
2023-01-04,,3494.817,,254.633,959.917,,,Solapur
2023-01-05,,3565.894,,264.596,969.296,,,Solapur
2023-01-06,,3605.399,,281.753,995.7,,,Solapur
2023-01-07,,3606.609,,199.641,970.427,,,Solapur
2023-01-08,,3591.092,,564.033,948.423,,,Solapur
2023-01-09,,3671.818,,294.669,946.17,,,Solapur
2023-01-10,,3695.795,,248.514,944.948,,,Solapur
2023-01-11,,3724.831,,250.372,945.653,,,Solapur
2023-01-12,,3744.405,,404.771,947.846,,,Solapur
2023-01-13,,3763.957,,648.297,951.476,,,Solapur
2023-01-14,,3616.785,,285.299,956.426,,,Solapur
2023-01-15,,3505.217,,6.251,959.55,,,Solapur
2023-01-16,,3621.188,,198.585,959.829,,,Solapur
2023-01-17,,3691.688,,230.421,957.079,,,Solapur
2023-01-18,,3761.373,,446.209,956.077,,,Solapur
2023-01-19,,3729.043,,355.294,959.67,,,Solapur
2023-01-20,,3761.503,,106.979,951.725,,,Solapur
2023-01-21,,3727.052,,238.068,954.582,,,Solapur
2023-01-22,,3602.55,,238.659,958.611,,,Solapur
2023-01-23,,3642.193,,50.63,964.391,,,Solapur
2023-01-24,,3707.865,,238.701,989.538,,,Solapur
2023-01-25,,3668.069,,246.126,982.898,,,Solapur
2023-01-26,,3423.017,,85.032,971.375,,,Solapur
2023-01-27,,3537.533,,311.881,961.363,,,Solapur
2023-01-28,,3646.482,,281.618,964.714,,,Solapur
2023-01-29,,3545.413,,669.636,967.956,,,Solapur
2023-01-30,,3608.934,,0.0,968.506,,,Solapur
2023-01-31,,3610.414,,230.683,974.135,,,Solapur
2023-02-01,,3541.836,,300.499,971.913,,,Solapur
2023-02-02,,3590.741,,267.041,966.87,,,Solapur
2023-02-03,,3710.942,,0.104,964.031,,,Solapur
2023-02-04,,3709.991,,529.808,967.779,,,Solapur
2023-02-05,,3602.483,,2.57,970.536,,,Solapur
2023-02-06,,3662.459,,1.382,974.794,,,Solapur
2023-02-07,,3718.937,,0.014,980.272,,,Solapur
2023-02-08,,3827.302,,0.0,987.246,,,Solapur
2023-02-09,,3768.634,,640.869,983.802,,,Solapur
2023-02-10,,3754.922,,244.42,988.398,,,Solapur
2023-02-11,,3784.916,,267.844,986.159,,,Solapur
2023-02-12,,3569.575,,343.096,990.091,,,Solapur
2023-02-13,,3780.715,,620.958,980.306,,,Solapur
2023-02-14,,3857.777,,1167.447,968.033,,,Solapur
2023-02-15,,3788.901,,691.462,973.234,,,Solapur
2023-02-16,,3766.457,,1019.072,981.649,,,Solapur
2023-02-17,,3820.771,,685.363,984.563,,,Solapur
2023-02-18,,3798.161,,383.981,983.968,,,Solapur
2023-02-19,,3682.034,,616.266,980.615,,,Solapur
2023-02-20,,3843.647,,336.796,983.385,,,Solapur
2023-02-21,,3868.569,,105.091,990.678,,,Solapur
2023-02-22,,3843.8,,102.022,995.412,,,Solapur
2023-02-23,,3904.393,,7.335,997.284,,,Solapur
2023-02-24,,3955.517,,466.927,998.235,,,Solapur
2023-02-25,,3876.134,,734.541,995.963,,,Solapur
2023-02-26,,3767.565,,465.575,1002.371,,,Solapur
2023-02-27,,3944.155,,330.718,1002.93,,,Solapur
2023-02-28,,3913.572,,254.053,1002.744,,,Solapur
2023-03-01,,3794.405,,300.136,998.867,,,Solapur
2023-03-02,,3798.929,,984.806,999.784,,,Solapur
2023-03-03,,3881.04,,204.082,1007.944,,,Solapur
2023-03-04,,3842.533,,186.077,1015.539,,,Solapur
2023-03-05,,3672.551,,45.72,1015.42,,,Solapur
2023-03-06,,3764.626,,192.581,1017.338,,,Solapur
2023-03-07,,3521.605,,821.9,989.742,,,Solapur
2023-03-08,,3468.041,,769.626,999.612,,,Solapur
2023-03-09,,3585.525,,339.797,1001.622,,,Solapur
2023-03-10,,3810.723,,220.495,1008.437,,,Solapur
2023-03-11,,3857.666,,5.463,1017.019,,,Solapur
2023-03-12,,3743.521,,259.904,1015.739,,,Solapur
2023-03-13,,3978.84,,553.417,1019.426,,,Solapur
2023-03-14,,3990.125,,464.698,1013.923,,,Solapur
2023-03-15,,3976.141,,0.67,1026.355,,,Solapur
2023-03-16,,3904.676,,238.064,1001.796,,,Solapur
2023-03-17,,3655.582,,263.603,1007.704,,,Solapur
2023-03-18,,3462.115,,1086.699,1033.306,,,Solapur
2023-03-19,,3215.297,,366.075,966.335,,,Solapur
2023-03-20,,3494.705,,482.813,973.769,,,Solapur
2023-03-21,,3600.233,,779.154,992.323,,,Solapur
2023-03-22,,3681.173,,303.595,1004.124,,,Solapur
2023-03-23,,3781.306,,631.34,1013.642,,,Solapur
2023-03-24,,3809.896,,644.938,1030.765,,,Solapur
2023-03-25,,3913.597,,659.197,1036.777,,,Solapur
2023-03-26,,3736.172,,745.189,1034.285,,,Solapur
2023-03-27,,3897.474,,422.697,1019.264,,,Solapur
2023-03-28,,3954.021,,624.188,1026.988,,,Solapur
2023-03-29,,3985.562,,1054.996,1038.726,,,Solapur
2023-03-30,,3930.809,,923.65,1029.953,,,Solapur
2023-03-31,,3760.445,,1210.769,1018.505,,,Solapur
2023-04-01,,3601.119,,1265.279,1026.092,,,Solapur
2023-04-02,,3563.099,,683.151,1031.522,,,Solapur
2023-04-03,,3715.873,,1202.335,1031.494,,,Solapur
2023-04-04,,3865.825,,625.309,1046.834,,,Solapur
2023-04-05,,3877.495,,1279.682,1054.844,,,Solapur
2023-04-06,,3908.588,,262.027,1054.845,,,Solapur
2023-04-07,,3994.775,,0.0,1027.479,,,Solapur
2023-04-08,,3903.153,,228.535,1038.305,,,Solapur
2023-04-09,,3809.384,,286.198,1027.436,,,Solapur
2023-04-10,,3992.868,,753.121,1045.243,,,Solapur
2023-04-11,,4057.838,,427.767,1057.035,,,Solapur
2023-04-12,,4083.582,,126.565,1068.917,,,Solapur
2023-04-13,,4126.199,,0.0,1074.105,,,Solapur
2023-04-14,,4053.487,,1358.017,1053.19,,,Solapur
2023-04-15,,3980.356,,0.057,1034.22,,,Solapur
2023-04-16,,3833.201,,425.921,1055.166,,,Solapur
2023-04-17,,3950.256,,241.294,1047.435,,,Solapur
2023-04-18,,4049.164,,190.652,1055.1,,,Solapur
2023-04-19,,4016.104,,1430.694,1061.785,,,Solapur
2023-04-20,,3956.863,,632.901,1061.836,,,Solapur
2023-04-21,,3881.845,,345.364,1051.591,,,Solapur
2023-04-22,,3766.53,,352.672,1050.671,,,Solapur
2023-04-23,,3465.541,,204.54,1041.637,,,Solapur
2023-04-24,,3694.217,,221.085,1055.135,,,Solapur
2023-04-25,,3845.112,,496.074,1065.835,,,Solapur
2023-04-26,,3851.921,,370.819,1051.039,,,Solapur
2023-04-27,,3884.118,,128.667,1021.062,,,Solapur
2023-04-28,,3879.25,,247.182,1074.322,,,Solapur
2023-04-29,,3721.625,,170.92,1081.15,,,Solapur
2023-04-30,,3385.463,,451.489,1060.418,,,Solapur
2023-05-01,,3222.578,,604.823,1024.951,,,Solapur
2023-05-02,,3342.626,,254.068,1022.712,,,Solapur
2023-05-03,,3473.699,,202.488,1008.617,,,Solapur
2023-05-04,,3490.93,,168.173,1019.135,,,Solapur
2023-05-05,,3581.05,,1106.512,1024.108,,,Solapur
2023-05-06,,3641.045,,232.317,1017.914,,,Solapur
2023-05-07,,3513.874,,397.322,1048.927,,,Solapur
2023-05-08,,3666.287,,254.709,1093.437,,,Solapur
2023-05-09,,3787.887,,255.222,1096.587,,,Solapur
2023-05-10,,3820.963,,1.093,1062.888,,,Solapur
2023-05-11,,3901.767,,475.95,1037.087,,,Solapur
2023-05-12,,3902.985,,276.495,1039.132,,,Solapur
2023-05-13,,3835.767,,925.375,1060.245,,,Solapur
2023-05-14,,3642.467,,438.134,1053.685,,,Solapur
2023-05-15,,3715.501,,311.227,1048.069,,,Solapur
2023-05-16,,3854.339,,783.064,1048.373,,,Solapur
2023-05-17,,3978.077,,660.505,1059.613,,,Solapur
2023-05-18,,3875.727,,345.677,1062.542,,,Solapur
2023-05-19,,4043.578,,230.189,1075.255,,,Solapur
2023-05-20,,3976.273,,204.77,1070.83,,,Solapur
2023-05-21,,3848.863,,1164.967,1073.855,,,Solapur
2023-05-22,,3936.799,,492.023,1054.229,,,Solapur
2023-05-23,,3919.466,,256.868,1057.153,,,Solapur
2023-05-24,,3664.018,,206.063,1042.717,,,Solapur
2023-05-25,,3494.319,,213.553,1023.812,,,Solapur
2023-05-26,,3351.932,,0.0,999.233,,,Solapur
2023-05-27,,3456.405,,840.233,1008.216,,,Solapur
2023-05-28,,3602.468,,946.766,1031.154,,,Solapur
2023-05-29,,3790.354,,182.192,1039.681,,,Solapur
2023-05-30,,3821.373,,207.941,1047.198,,,Solapur
2023-05-31,,3732.437,,2.143,1053.222,,,Solapur
2023-06-01,,3669.103,,1435.931,1054.957,,,Solapur
2023-06-02,,3722.89,,1006.009,1049.822,,,Solapur
2023-06-03,,3874.694,,1129.601,1047.758,,,Solapur
2023-06-04,,3580.0,,204.458,1038.48,,,Solapur
2023-06-05,,3755.114,,635.545,1045.073,,,Solapur
2023-06-06,,3797.974,,1422.789,1040.837,,,Solapur
2023-06-07,,3936.039,,905.528,1043.974,,,Solapur
2023-06-08,,3984.608,,1100.147,1044.746,,,Solapur
2023-06-09,,3969.42,,195.099,1034.103,,,Solapur
2023-06-10,,3802.651,,170.82,1015.704,,,Solapur
2023-06-11,,3641.367,,431.304,1002.103,,,Solapur
2023-06-12,,3771.524,,845.883,1010.487,,,Solapur
2023-06-13,,3740.429,,608.478,996.944,,,Solapur
2023-06-14,,3679.901,,422.002,995.597,,,Solapur
2023-06-15,,3742.893,,481.567,990.339,,,Solapur
2023-06-16,,3842.666,,624.597,998.17,,,Solapur
2023-06-17,,3775.186,,1598.052,996.984,,,Solapur
2023-06-18,,3585.965,,1239.276,986.911,,,Solapur
2023-06-19,,3705.675,,1478.016,1003.664,,,Solapur
2023-06-20,,3724.914,,1007.003,997.974,,,Solapur
2023-06-21,,3801.949,,208.238,997.143,,,Solapur
2023-06-22,,3823.169,,972.439,1002.716,,,Solapur
2023-06-23,,3825.744,,557.449,989.844,,,Solapur
2023-06-24,,3689.666,,101.245,1035.214,,,Solapur
2023-06-25,,3390.846,,108.841,1066.183,,,Solapur
2023-06-26,,3412.422,,45.836,1056.412,,,Solapur
2023-06-27,,3498.55,,0.0,1057.195,,,Solapur
2023-06-28,,3444.391,,183.29,1064.541,,,Solapur
2023-06-29,,3352.493,,160.585,1043.581,,,Solapur
2023-06-30,,3253.524,,151.746,1036.082,,,Solapur
2023-07-01,,3414.863,,143.278,1042.188,,,Solapur
2023-07-02,,3375.184,,143.337,1048.112,,,Solapur
2023-07-03,,3588.243,,169.767,1060.93,,,Solapur
2023-07-04,,3618.283,,178.982,1074.807,,,Solapur
2023-07-05,,3577.331,,0.0,1065.176,,,Solapur
2023-07-06,,3449.85,,160.184,1064.065,,,Solapur
2023-07-07,,3505.311,,176.446,1056.774,,,Solapur
2023-07-08,,3396.376,,359.019,1045.148,,,Solapur
2023-07-09,,3371.948,,9.256,1054.055,,,Solapur
2023-07-10,,3634.175,,200.114,1051.698,,,Solapur
2023-07-11,,3634.221,,0.0,1049.478,,,Solapur
2023-07-12,,3718.641,,15.23,1060.96,,,Solapur
2023-07-13,,3653.029,,154.907,1061.685,,,Solapur
2023-07-14,,3627.838,,634.136,1052.945,,,Solapur
2023-07-15,,3556.067,,0.0,1051.575,,,Solapur
2023-07-16,,3451.108,,0.0,1050.644,,,Solapur
2023-07-17,,3562.757,,0.0,1055.392,,,Solapur
2023-07-18,,3544.044,,0.0,1056.86,,,Solapur
2023-07-19,,3484.761,,0.0,1051.811,,,Solapur
2023-07-20,,3575.525,,0.0,1051.559,,,Solapur
2023-07-21,,3609.284,,0.0,1061.101,,,Solapur
2023-07-22,,3453.492,,0.0,1047.255,,,Solapur
2023-07-23,,3278.769,,0.0,1028.334,,,Solapur
2023-07-24,,3457.422,,240.362,1027.43,,,Solapur
2023-07-25,,3491.179,,0.0,1038.356,,,Solapur
2023-07-26,,3349.987,,0.0,1024.808,,,Solapur
2023-07-27,,3270.436,,0.0,1013.744,,,Solapur
2023-07-28,,3172.863,,13.203,1001.67,,,Solapur
2023-07-29,,3095.468,,152.091,988.189,,,Solapur
2023-07-30,,3128.639,,185.949,992.941,,,Solapur
2023-07-31,,3327.435,,87.537,1011.41,,,Solapur
2023-08-01,,3299.799,,277.719,1006.051,,,Solapur
2023-08-02,,3252.235,,196.309,997.766,,,Solapur
2023-08-03,,3293.198,,120.678,999.284,,,Solapur
2023-08-04,,3420.073,,1049.053,1001.932,,,Solapur
2023-08-05,,3525.921,,743.442,1010.138,,,Solapur
2023-08-06,,3288.293,,91.196,989.375,,,Solapur
2023-08-07,,3313.375,,812.234,983.276,,,Solapur
2023-08-08,,3475.559,,0.006,996.957,,,Solapur
2023-08-09,,3642.376,,1771.785,1004.107,,,Solapur
2023-08-10,,3724.18,,859.33,1004.596,,,Solapur
2023-08-11,,3877.983,,400.425,1006.366,,,Solapur
2023-08-12,,3691.256,,174.355,1007.718,,,Solapur
2023-08-13,,3568.3,,181.993,987.484,,,Solapur
2023-08-14,,3731.659,,108.978,990.589,,,Solapur
2023-08-15,,3671.199,,108.978,991.716,,,Solapur
2023-08-16,,3831.434,,696.647,988.133,,,Solapur
2023-08-17,,3840.877,,227.236,973.713,,,Solapur
2023-08-18,,3816.389,,0.0,977.067,,,Solapur
2023-08-19,,3719.085,,0.0,1001.51,,,Solapur
2023-08-20,,3695.694,,170.339,989.589,,,Solapur
2023-08-21,,3838.339,,819.035,981.09,,,Solapur
2023-08-22,,3865.353,,304.185,962.411,,,Solapur
2023-08-23,,3667.926,,0.0,965.958,,,Solapur
2023-08-24,,3624.03,,0.476,983.249,,,Solapur
2023-08-25,,3730.041,,643.511,1012.253,,,Solapur
2023-08-26,,3749.605,,173.175,1003.033,,,Solapur
2023-08-27,,3671.184,,429.441,998.981,,,Solapur
2023-08-28,,3748.334,,245.102,996.176,,,Solapur
2023-08-29,,3962.894,,200.073,993.625,,,Solapur
2023-08-30,,4035.603,,184.032,999.067,,,Solapur
2023-08-31,,4048.621,,489.309,983.883,,,Solapur
2023-09-01,,4135.616,,191.52,970.059,,,Solapur
2023-09-02,,4061.763,,0.0,998.744,,,Solapur
2023-09-03,,3915.189,,0.0,1039.059,,,Solapur
2023-09-04,,3844.262,,0.0,1032.33,,,Solapur
2023-09-05,,3923.327,,1033.246,1024.108,,,Solapur
2023-09-06,,3841.713,,48.775,1018.462,,,Solapur
2023-09-07,,3637.97,,2.69,1037.737,,,Solapur
2023-09-08,,3569.426,,213.418,1058.565,,,Solapur
2023-09-09,,3503.553,,235.389,1049.641,,,Solapur
2023-09-10,,3347.216,,1125.12,1035.649,,,Solapur
2023-09-11,,3571.959,,606.371,1044.027,,,Solapur
2023-09-12,,3712.65,,218.013,1031.059,,,Solapur
2023-09-13,,3848.969,,198.561,1043.294,,,Solapur
2023-09-14,,3998.019,,216.12,1044.62,,,Solapur
2023-09-15,,3858.219,,200.189,1016.585,,,Solapur
2023-09-16,,3595.001,,741.59,1008.124,,,Solapur
2023-09-17,,3320.854,,217.277,988.401,,,Solapur
2023-09-18,,3440.581,,190.817,998.078,,,Solapur
2023-09-19,,3525.663,,185.586,1001.304,,,Solapur
2023-09-20,,3671.584,,183.005,1040.083,,,Solapur
2023-09-21,,3712.431,,712.465,1059.76,,,Solapur
2023-09-22,,3653.924,,406.133,1067.414,,,Solapur
2023-09-23,,3510.956,,0.0,1060.561,,,Solapur
2023-09-24,,3243.885,,197.859,1042.259,,,Solapur
2023-09-25,,3488.927,,48.386,1058.489,,,Solapur
2023-09-26,,3654.278,,889.043,1078.934,,,Solapur
2023-09-27,,3731.354,,726.149,1076.023,,,Solapur
2023-09-28,,3721.651,,172.572,1081.083,,,Solapur
2023-09-29,,3771.147,,186.48,1089.252,,,Solapur
2023-09-30,,3706.355,,190.37,1078.412,,,Solapur
2023-10-01,,3458.171,,204.379,1081.391,,,Solapur
2023-10-02,,3430.403,,163.395,1046.025,,,Solapur
2023-10-03,,3588.181,,156.352,1047.023,,,Solapur
2023-10-04,,3686.297,,247.101,1012.557,,,Solapur
2023-10-05,,3729.239,,20.921,999.029,,,Solapur
2023-10-06,,3775.938,,0.0,1007.718,,,Solapur
2023-10-07,,3819.839,,768.273,1002.545,,,Solapur
2023-10-08,,3797.444,,226.615,1003.493,,,Solapur
2023-10-09,,3925.758,,217.873,1015.72,,,Solapur
2023-10-10,,3988.276,,220.838,1024.921,,,Solapur
2023-10-11,,4057.027,,242.168,1020.06,,,Solapur
2023-10-12,,4069.036,,512.205,1003.154,,,Solapur
2023-10-13,,4049.319,,259.927,988.046,,,Solapur
2023-10-14,,4019.712,,219.03,1008.695,,,Solapur
2023-10-15,,3884.304,,244.99,996.142,,,Solapur
2023-10-16,,3911.503,,233.55,989.251,,,Solapur
2023-10-17,,3787.713,,169.186,990.68,,,Solapur
2023-10-18,,3940.379,,0.0,987.752,,,Solapur
2023-10-19,,3983.81,,231.402,996.616,,,Solapur
2023-10-20,,3987.471,,249.038,990.098,,,Solapur
2023-10-21,,3908.169,,64.85,985.873,,,Solapur
2023-10-22,,3748.025,,66.214,983.871,,,Solapur
2023-10-23,,3731.731,,703.908,974.469,,,Solapur
2023-10-24,,3629.129,,239.456,964.854,,,Solapur
2023-10-25,,3767.165,,238.529,974.548,,,Solapur
2023-10-26,,3899.782,,225.897,974.14,,,Solapur
2023-10-27,,3915.283,,0.126,965.233,,,Solapur
2023-10-28,,3957.339,,625.159,971.804,,,Solapur
2023-10-29,,3784.388,,171.988,985.125,,,Solapur
2023-10-30,,3880.671,,234.772,988.144,,,Solapur
2023-10-31,,3916.046,,174.431,980.794,,,Solapur
2023-11-01,,3934.85,,235.819,988.579,,,Solapur
2023-11-02,,3925.939,,235.819,991.558,,,Solapur
2023-11-03,,3957.692,,722.367,997.738,,,Solapur
2023-11-04,,3887.301,,234.303,997.019,,,Solapur
2023-11-05,,3742.454,,26.774,995.921,,,Solapur
2023-11-06,,3833.24,,0.0,1000.611,,,Solapur
2023-11-07,,3880.506,,0.0,1065.305,,,Solapur
2023-11-08,,3915.08,,490.748,1101.476,,,Solapur
2023-11-09,,3870.176,,572.393,1099.705,,,Solapur
2023-11-10,,3733.733,,253.943,1061.643,,,Solapur
2023-11-11,,3490.073,,0.0,1022.634,,,Solapur
2023-11-12,,3150.008,,0.0,996.859,,,Solapur
2023-11-13,,3091.101,,314.904,1000.844,,,Solapur
2023-11-14,,3275.54,,854.856,991.268,,,Solapur
2023-11-15,,3367.46,,246.043,961.598,,,Solapur
2023-11-16,,3464.673,,168.482,966.603,,,Solapur
2023-11-17,,3528.532,,1.838,975.262,,,Solapur
2023-11-18,,3612.552,,530.133,991.913,,,Solapur
2023-11-19,,3476.849,,1161.367,1000.314,,,Solapur
2023-11-20,,3588.928,,245.309,984.321,,,Solapur
2023-11-21,,3686.873,,244.153,991.206,,,Solapur
2023-11-22,,3730.0,,244.153,994.751,,,Solapur
2023-11-23,,3778.131,,213.064,1047.221,,,Solapur
2023-11-24,,3662.649,,149.153,1058.101,,,Solapur
2023-11-25,,3551.346,,281.56,1038.386,,,Solapur
2023-11-26,,3299.977,,256.695,1039.541,,,Solapur
2023-11-27,,3318.546,,236.22,1038.423,,,Solapur
2023-11-28,,3350.637,,236.816,1086.885,,,Solapur
2023-11-29,,3352.716,,692.077,1089.201,,,Solapur
2023-11-30,,3282.449,,1212.196,1085.67,,,Solapur
2023-12-01,,3286.34,,253.964,1074.537,,,Solapur
2023-12-02,,3221.376,,224.364,1009.254,,,Solapur
2023-12-03,,3085.317,,216.25,1011.517,,,Solapur
2023-12-04,,3141.008,,0.0,1029.133,,,Solapur
2023-12-05,,3120.462,,1216.871,1036.14,,,Solapur
2023-12-06,,3274.103,,3.159,1052.394,,,Solapur
2023-12-07,,3372.302,,190.739,1056.731,,,Solapur
2023-12-08,,3442.862,,0.113,1034.637,,,Solapur
2023-12-09,,3436.95,,0.268,1011.5,,,Solapur
2023-12-10,,3312.744,,89.484,984.839,,,Solapur
2023-12-11,,3451.497,,56.263,976.831,,,Solapur
2023-12-12,,3548.003,,256.211,975.123,,,Solapur
2023-12-13,,3535.861,,206.276,965.777,,,Solapur
2023-12-14,,3510.347,,260.517,952.744,,,Solapur
2023-12-15,,3558.217,,618.323,960.656,,,Solapur
2023-12-16,,3570.748,,641.988,985.979,,,Solapur
2023-12-17,,3363.242,,209.95,999.083,,,Solapur
2023-12-18,,3429.863,,264.434,959.94,,,Solapur
2023-12-19,,3526.595,,0.0,945.51,,,Solapur
2023-12-20,,3584.851,,138.113,947.273,,,Solapur
2023-12-21,,3612.877,,266.66,949.981,,,Solapur
2023-12-22,,3710.427,,0.0,950.048,,,Solapur
2023-12-23,,3625.517,,178.872,953.349,,,Solapur
2023-12-24,,3439.48,,158.611,955.576,,,Solapur
2023-12-25,,3577.448,,213.68,965.424,,,Solapur
2023-12-26,,3693.904,,271.977,964.37,,,Solapur
2023-12-27,,3686.809,,193.412,961.955,,,Solapur
2023-12-28,,3654.221,,257.342,967.616,,,Solapur
2023-12-29,,3717.534,,230.714,981.959,,,Solapur
2023-12-30,,3768.863,,267.795,977.214,,,Solapur
2023-12-31,,3609.064,,766.922,962.332,,,Solapur
2024-01-01,,3673.003,,255.09,969.722,,,Solapur
2024-01-02,,3748.998,,102.755,965.103,,,Solapur
2024-01-03,,3830.273,,275.226,985.775,,,Solapur
2024-01-04,,3834.326,,0.0,995.689,,,Solapur
2024-01-05,,3848.309,,849.185,992.074,,,Solapur
2024-01-06,,3737.053,,141.54,970.403,,,Solapur
2024-01-07,,3562.9,,133.676,965.75,,,Solapur
2024-01-08,,3710.859,,61.469,1004.083,,,Solapur
2024-01-09,,3720.713,,166.488,1014.436,,,Solapur
2024-01-10,,3786.964,,218.245,964.851,,,Solapur
2024-01-11,,3802.655,,422.729,982.601,,,Solapur
2024-01-12,,3885.113,,170.096,987.245,,,Solapur
2024-01-13,,3943.513,,292.174,998.455,,,Solapur
2024-01-14,,3733.453,,9.269,998.358,,,Solapur
2024-01-15,,3786.595,,301.619,978.525,,,Solapur
2024-01-16,,3946.105,,845.353,989.317,,,Solapur
2024-01-17,,3980.927,,6.482,987.568,,,Solapur
2024-01-18,,3965.022,,18.142,976.004,,,Solapur
2024-01-19,,3985.923,,252.749,989.507,,,Solapur
2024-01-20,,4004.572,,253.638,995.72,,,Solapur
2024-01-21,,3873.939,,271.475,986.116,,,Solapur
2024-01-22,,3897.879,,138.655,996.655,,,Solapur
2024-01-23,,3936.397,,95.696,976.195,,,Solapur
2024-01-24,,3920.112,,55.013,966.972,,,Solapur
2024-01-25,,3668.069,,0.0,960.751,,,Solapur
2024-01-26,,3423.014,,233.533,970.946,,,Solapur
2024-01-27,,3537.524,,536.66,978.237,,,Solapur
2024-01-28,,3646.451,,144.616,971.911,,,Solapur
2024-01-29,,3545.417,,264.204,975.993,,,Solapur
2024-01-30,,3608.945,,174.831,975.178,,,Solapur
2024-01-31,,3610.385,,322.619,982.03,,,Solapur
2024-02-01,,3541.83,,965.56,966.089,,,Solapur
2024-02-02,,3590.75,,158.863,971.908,,,Solapur
2024-02-03,,3710.926,,67.316,989.046,,,Solapur
2024-02-04,,3709.967,,263.815,993.897,,,Solapur
2024-02-05,,3602.475,,259.899,1001.944,,,Solapur
2024-02-06,,3662.465,,799.987,1007.206,,,Solapur
2024-02-07,,3718.951,,257.955,1006.144,,,Solapur
2024-02-08,,3827.295,,168.782,995.034,,,Solapur
2024-02-09,,3768.637,,228.555,996.58,,,Solapur
2024-02-10,,3754.927,,94.635,1008.338,,,Solapur
2024-02-11,,3784.994,,452.112,1004.414,,,Solapur
2024-02-12,,3569.558,,785.687,999.723,,,Solapur
2024-02-13,,3780.718,,389.953,997.49,,,Solapur
2024-02-14,,3857.793,,370.238,993.772,,,Solapur
2024-02-15,,3788.905,,159.036,989.105,,,Solapur
2024-02-16,,3766.445,,221.784,976.79,,,Solapur
2024-02-17,,3820.781,,1132.824,984.523,,,Solapur
2024-02-18,,3798.174,,435.035,989.096,,,Solapur
2024-02-19,,3682.014,,368.257,1001.784,,,Solapur
2024-02-20,,3843.666,,289.028,996.947,,,Solapur
2024-02-21,,3868.589,,572.034,993.154,,,Solapur
2024-02-22,,3843.804,,982.509,986.725,,,Solapur
2024-02-23,,3904.366,,852.033,985.688,,,Solapur
2024-02-24,,3955.507,,715.689,995.811,,,Solapur
2024-02-25,,3876.145,,317.123,1003.683,,,Solapur
2024-02-26,,3767.572,,1.368,1006.49,,,Solapur
2024-02-27,,3944.157,,246.999,1007.418,,,Solapur
2024-02-28,,3913.576,,1020.594,1011.002,,,Solapur
2024-02-29,,3444.282,,79.573,980.423,,,Solapur
2024-03-01,,3794.415,,258.079,1024.61,,,Solapur
2024-03-02,,3798.919,,258.674,1033.269,,,Solapur
2024-03-03,,3881.066,,277.303,1015.329,,,Solapur
2024-03-04,,3842.54,,1368.477,1015.59,,,Solapur
2024-03-05,,3672.549,,183.956,1025.765,,,Solapur
2024-03-06,,3764.634,,549.379,1032.635,,,Solapur
2024-03-07,,3521.592,,606.929,1019.447,,,Solapur
2024-03-08,,3468.036,,196.871,1019.599,,,Solapur
2024-03-09,,3585.532,,375.311,1027.511,,,Solapur
2024-03-10,,3810.693,,280.29,1039.873,,,Solapur
2024-03-11,,3857.655,,287.01,1052.506,,,Solapur
2024-03-12,,3743.513,,191.868,1052.572,,,Solapur
2024-03-13,,3978.846,,148.397,1048.62,,,Solapur
2024-03-14,,3990.125,,343.648,1036.515,,,Solapur
2024-03-15,,3976.128,,1013.071,1043.288,,,Solapur
2024-03-16,,3904.702,,286.157,1057.291,,,Solapur
2024-03-17,,3655.652,,756.567,1036.191,,,Solapur
2024-03-18,,3462.135,,236.278,1040.355,,,Solapur
2024-03-19,,3215.299,,380.721,1035.466,,,Solapur
2024-03-20,,3494.691,,1642.314,1025.175,,,Solapur
2024-03-21,,3600.237,,620.154,1020.978,,,Solapur
2024-03-22,,3681.175,,452.66,1044.886,,,Solapur
2024-03-23,,3781.291,,452.66,1062.303,,,Solapur
2024-03-24,,3809.887,,452.66,1073.139,,,Solapur
2024-03-25,,3913.585,,658.406,1079.977,,,Solapur
2024-03-26,,3736.172,,721.253,1077.81,,,Solapur
2024-03-27,,3897.452,,338.813,1078.408,,,Solapur
2024-03-28,,3954.032,,335.114,1078.024,,,Solapur
2024-03-29,,3985.56,,307.335,1083.612,,,Solapur
2024-03-30,,3930.802,,0.107,1080.667,,,Solapur
2024-03-31,,3760.44,,702.463,1074.624,,,Solapur
2024-04-01,,3601.162,,711.742,1079.789,,,Solapur
2024-04-02,,3563.111,,478.811,1088.641,,,Solapur
2024-04-03,,3715.848,,311.072,1086.941,,,Solapur
2024-04-04,,3865.82,,0.0,1088.53,,,Solapur
2024-04-05,,3877.489,,1280.809,1094.497,,,Solapur
2024-04-06,,3908.574,,758.091,1088.627,,,Solapur
2024-04-07,,3994.767,,921.033,1087.947,,,Solapur
2024-04-08,,3903.159,,323.971,1082.619,,,Solapur
2024-04-09,,3809.383,,278.527,1072.521,,,Solapur
2024-04-10,,3992.861,,267.429,1078.255,,,Solapur
2024-04-11,,4057.852,,454.18,1042.373,,,Solapur
2024-04-12,,4083.567,,281.402,1030.147,,,Solapur
2024-04-13,,4126.205,,285.361,1039.536,,,Solapur
2024-04-14,,4053.491,,292.213,1051.579,,,Solapur
2024-04-15,,3980.37,,260.497,1067.216,,,Solapur
2024-04-16,,3833.189,,617.552,1077.354,,,Solapur
2024-04-17,,3950.273,,331.608,1080.894,,,Solapur
2024-04-18,,4049.166,,342.257,1071.967,,,Solapur
2024-04-19,,4016.125,,289.548,1067.569,,,Solapur
2024-04-20,,3956.875,,3.364,1043.475,,,Solapur
2024-04-21,,3881.846,,716.756,1045.864,,,Solapur
2024-04-22,,3766.51,,349.758,1045.533,,,Solapur
2024-04-23,,3465.509,,260.36,1054.772,,,Solapur
2024-04-24,,3694.24,,171.983,1078.986,,,Solapur
2024-04-25,,3845.124,,8.397,1089.569,,,Solapur
2024-04-26,,3851.923,,185.207,1094.524,,,Solapur
2024-04-27,,3884.103,,523.688,1093.627,,,Solapur
2024-04-28,,3879.243,,324.171,1100.501,,,Solapur
2024-04-29,,3721.644,,284.39,1099.349,,,Solapur
2024-04-30,,3385.44,,272.502,1087.062,,,Solapur
2024-05-01,,3222.58,,95.684,1075.358,,,Solapur
2024-05-02,,3342.616,,914.73,1058.969,,,Solapur
2024-05-03,,3473.704,,1106.234,1064.787,,,Solapur
2024-05-04,,3490.931,,2823.573,1075.351,,,Solapur
2024-05-05,,3581.066,,1052.116,1083.469,,,Solapur
2024-05-06,,3641.061,,423.668,1083.162,,,Solapur
2024-05-07,,3513.872,,1441.871,1072.241,,,Solapur
2024-05-08,,3666.286,,821.694,1058.689,,,Solapur
2024-05-09,,3787.862,,405.406,1053.371,,,Solapur
2024-05-10,,3820.973,,233.409,1037.481,,,Solapur
2024-05-11,,3901.77,,267.022,1056.101,,,Solapur
2024-05-12,,3902.971,,0.0,1030.764,,,Solapur
2024-05-13,,3835.756,,7.283,1050.442,,,Solapur
2024-05-14,,3642.486,,336.478,1024.712,,,Solapur
2024-05-15,,3715.478,,0.054,1050.643,,,Solapur
2024-05-16,,3854.353,,255.357,1059.486,,,Solapur
2024-05-17,,3978.07,,202.798,1084.65,,,Solapur
2024-05-18,,3875.73,,244.528,1060.172,,,Solapur
2024-05-19,,4043.567,,242.523,1067.598,,,Solapur
2024-05-20,,3976.271,,274.108,1056.582,,,Solapur
2024-05-21,,3848.853,,267.424,1044.295,,,Solapur
2024-05-22,,3936.805,,277.11,1041.887,,,Solapur
2024-05-23,,3919.451,,115.844,1039.846,,,Solapur
2024-05-24,,3664.005,,526.791,1047.69,,,Solapur
2024-05-25,,3494.289,,476.683,1031.758,,,Solapur
2024-05-26,,3351.947,,249.186,1014.046,,,Solapur
2024-05-27,,3456.401,,0.0,1005.148,,,Solapur
2024-05-28,,3602.461,,1049.127,1022.713,,,Solapur
2024-05-29,,3790.382,,1275.747,1026.718,,,Solapur
2024-05-30,,3821.369,,1410.014,1038.426,,,Solapur
2024-05-31,,3732.44,,1333.682,1040.128,,,Solapur
2024-06-01,,3669.103,,192.296,1038.949,,,Solapur
2024-06-02,,3722.89,,97.634,1030.795,,,Solapur
2024-06-03,,3874.694,,765.44,1035.91,,,Solapur
2024-06-04,,3580.0,,225.033,1074.906,,,Solapur
2024-06-05,,3755.114,,300.624,1118.964,,,Solapur
2024-06-06,,3797.974,,238.087,1113.862,,,Solapur
2024-06-07,,3936.039,,279.539,1124.227,,,Solapur
2024-06-08,,3984.608,,345.854,1128.359,,,Solapur
2024-06-09,,3969.42,,235.817,1131.899,,,Solapur
2024-06-10,,3802.651,,0.0,1111.689,,,Solapur
2024-06-11,,3641.367,,3.263,1115.216,,,Solapur
2024-06-12,,3771.524,,23.808,1109.61,,,Solapur
2024-06-13,,3740.429,,222.216,1083.495,,,Solapur
2024-06-14,,3679.901,,181.59,1093.749,,,Solapur
2024-06-15,,3742.893,,203.25,1071.383,,,Solapur
2024-06-16,,3842.666,,216.859,1086.339,,,Solapur
2024-06-17,,3775.186,,111.992,1093.25,,,Solapur
2024-06-18,,3585.965,,174.492,1074.843,,,Solapur
2024-06-19,,3705.675,,201.423,1075.558,,,Solapur
2024-06-20,,3724.914,,197.405,1069.164,,,Solapur
2024-06-21,,3801.949,,200.156,1069.928,,,Solapur
2024-06-22,,3823.169,,0.0,1071.727,,,Solapur
2024-06-23,,3825.744,,200.646,1067.232,,,Solapur
2024-06-24,,3689.666,,82.82,1073.491,,,Solapur
2024-06-25,,3390.846,,67.535,1070.287,,,Solapur
2024-06-26,,3412.422,,147.145,1069.483,,,Solapur
2024-06-27,,3498.55,,89.038,1067.03,,,Solapur
2024-06-28,,3444.391,,0.0,1069.166,,,Solapur
2024-06-29,,3352.493,,172.547,1054.436,,,Solapur
2024-06-30,,3253.524,,0.0,1050.946,,,Solapur
2024-07-01,,3414.858,,0.0,1039.163,,,Solapur
2024-07-02,,3375.166,,190.21,1044.38,,,Solapur
2024-07-03,,3588.259,,182.13,1054.182,,,Solapur
2024-07-04,,3618.292,,31.341,1069.322,,,Solapur
2024-07-05,,3577.32,,295.102,1066.343,,,Solapur
2024-07-06,,3449.835,,180.638,1060.13,,,Solapur
2024-07-07,,3505.301,,11.096,1071.241,,,Solapur
2024-07-08,,3396.37,,1.932,1067.018,,,Solapur
2024-07-09,,3371.958,,160.824,1075.096,,,Solapur
2024-07-10,,3634.18,,433.952,1063.476,,,Solapur
2024-07-11,,3634.23,,207.03,1072.917,,,Solapur
2024-07-12,,3718.652,,118.832,1078.339,,,Solapur
2024-07-13,,3653.047,,193.354,1064.24,,,Solapur
2024-07-14,,3627.845,,13.025,1073.572,,,Solapur
2024-07-15,,3556.071,,28.739,1077.315,,,Solapur
2024-07-16,,3451.108,,153.642,1055.853,,,Solapur
2024-07-17,,3562.748,,0.0,1062.23,,,Solapur
2024-07-18,,3544.063,,90.294,1061.081,,,Solapur
2024-07-19,,3484.758,,107.236,1055.643,,,Solapur
2024-07-20,,3575.524,,0.0,1052.596,,,Solapur
2024-07-21,,3609.304,,0.243,1058.433,,,Solapur
2024-07-22,,3453.491,,0.0,1040.786,,,Solapur
2024-07-23,,3278.76,,0.0,1019.79,,,Solapur
2024-07-24,,3457.436,,0.0,1026.908,,,Solapur
2024-07-25,,3491.184,,0.0,1027.025,,,Solapur
2024-07-26,,3349.992,,0.0,1025.777,,,Solapur
2024-07-27,,3270.439,,0.773,1012.978,,,Solapur
2024-07-28,,3172.861,,0.0,1008.542,,,Solapur
2024-07-29,,3095.466,,0.0,1011.332,,,Solapur
2024-07-30,,3128.638,,176.493,1009.596,,,Solapur
2024-07-31,,3327.464,,109.326,1025.989,,,Solapur
2024-08-01,,3299.799,,0.0,1024.296,,,Solapur
2024-08-02,,3252.248,,183.23,1011.987,,,Solapur
2024-08-03,,3293.213,,1.73,1006.538,,,Solapur
2024-08-04,,3420.064,,0.0,1019.454,,,Solapur
2024-08-05,,3525.938,,156.495,1018.73,,,Solapur
2024-08-06,,3288.287,,464.382,1012.566,,,Solapur
2024-08-07,,3313.355,,0.0,1018.276,,,Solapur
2024-08-08,,3475.592,,0.984,1020.664,,,Solapur
2024-08-09,,3642.369,,160.151,1022.742,,,Solapur
2024-08-10,,3724.172,,176.024,1018.928,,,Solapur
2024-08-11,,3877.98,,740.901,1026.669,,,Solapur
2024-08-12,,3691.241,,523.009,1026.476,,,Solapur
2024-08-13,,3568.298,,294.816,1009.002,,,Solapur
2024-08-14,,3731.561,,0.0,1040.978,,,Solapur
2024-08-15,,3671.211,,70.721,1046.298,,,Solapur
2024-08-16,,3831.454,,168.966,1054.793,,,Solapur
2024-08-17,,3840.885,,1756.591,1047.721,,,Solapur
2024-08-18,,3816.398,,171.873,1043.195,,,Solapur
2024-08-19,,3719.094,,0.0,1051.842,,,Solapur
2024-08-20,,3695.721,,164.548,1055.615,,,Solapur
2024-08-21,,3838.327,,0.0,1045.549,,,Solapur
2024-08-22,,3865.341,,526.985,1025.411,,,Solapur
2024-08-23,,3667.925,,159.896,1031.853,,,Solapur
2024-08-24,,3624.032,,4.428,1040.433,,,Solapur
2024-08-25,,3730.074,,173.041,1040.468,,,Solapur
2024-08-26,,3749.623,,153.11,1032.838,,,Solapur
2024-08-27,,3671.197,,634.33,1033.56,,,Solapur
2024-08-28,,3748.326,,154.447,1029.981,,,Solapur
2024-08-29,,3962.893,,221.432,1036.643,,,Solapur
2024-08-30,,4035.573,,0.572,1039.236,,,Solapur
2024-08-31,,4048.635,,0.0,1048.591,,,Solapur
2024-09-01,,4135.608,,0.0,1056.861,,,Solapur
2024-09-02,,4061.767,,0.0,1060.656,,,Solapur
2024-09-03,,3915.181,,172.441,1055.298,,,Solapur
2024-09-04,,3844.263,,174.778,1054.489,,,Solapur
2024-09-05,,3923.36,,173.566,1070.855,,,Solapur
2024-09-06,,3841.699,,2.5,1066.311,,,Solapur
2024-09-07,,3637.981,,309.708,1056.45,,,Solapur
2024-09-08,,3569.408,,334.893,1049.311,,,Solapur
2024-09-09,,3503.558,,0.0,1045.838,,,Solapur
2024-09-10,,3347.21,,111.107,1037.299,,,Solapur
2024-09-11,,3571.948,,203.195,1039.033,,,Solapur
2024-09-12,,3712.65,,476.494,1028.245,,,Solapur
2024-09-13,,3848.999,,500.724,1032.393,,,Solapur
2024-09-14,,3998.034,,296.965,1030.043,,,Solapur
2024-09-15,,3858.226,,198.721,1041.746,,,Solapur
2024-09-16,,3595.021,,183.963,1007.219,,,Solapur
2024-09-17,,3320.843,,188.88,993.759,,,Solapur
2024-09-18,,3440.585,,373.404,981.338,,,Solapur
2024-09-19,,3525.637,,193.739,1009.396,,,Solapur
2024-09-20,,3671.578,,3.127,1034.65,,,Solapur
2024-09-21,,3712.443,,227.987,1057.352,,,Solapur
2024-09-22,,3653.94,,194.545,1060.846,,,Solapur
2024-09-23,,3510.952,,813.491,1065.873,,,Solapur
2024-09-24,,3243.887,,813.491,1050.747,,,Solapur
2024-09-25,,3488.992,,263.375,1078.455,,,Solapur
2024-09-26,,3654.276,,224.519,1047.464,,,Solapur
2024-09-27,,3731.36,,211.092,1048.62,,,Solapur
2024-09-28,,3721.645,,950.593,1062.808,,,Solapur
2024-09-29,,3771.143,,221.729,1072.783,,,Solapur
2024-09-30,,3706.351,,183.053,1095.918,,,Solapur
2024-10-01,,3458.171,,200.092,1076.595,,,Solapur
2024-10-02,,3430.403,,201.548,1078.591,,,Solapur
2024-10-03,,3588.181,,0.262,1088.295,,,Solapur
2024-10-04,,3686.297,,201.236,1079.401,,,Solapur
2024-10-05,,3729.239,,212.509,1085.879,,,Solapur
2024-10-06,,3775.938,,213.0,1077.993,,,Solapur
2024-10-07,,3819.839,,219.651,1077.242,,,Solapur
2024-10-08,,3797.444,,212.462,1080.338,,,Solapur
2024-10-09,,3925.758,,222.037,1068.755,,,Solapur
2024-10-10,,3988.276,,980.58,1076.026,,,Solapur
2024-10-11,,4057.027,,204.99,1069.591,,,Solapur
2024-10-12,,4069.036,,191.642,1082.712,,,Solapur
2024-10-13,,4049.319,,200.597,1078.766,,,Solapur
2024-10-14,,4019.712,,1011.69,1085.241,,,Solapur
2024-10-15,,3884.304,,901.467,1081.171,,,Solapur
2024-10-16,,3911.503,,0.0,1105.095,,,Solapur
2024-10-17,,3787.713,,167.655,1101.913,,,Solapur
2024-10-18,,3940.379,,204.14,1113.811,,,Solapur
2024-10-19,,3983.81,,212.671,1101.209,,,Solapur
2024-10-20,,3987.471,,1017.283,1105.484,,,Solapur
2024-10-21,,3908.169,,206.304,1105.985,,,Solapur
2024-10-22,,3748.025,,229.083,1102.144,,,Solapur
2024-10-23,,3731.731,,202.361,1085.945,,,Solapur
2024-10-24,,3629.129,,0.0,1033.476,,,Solapur
2024-10-25,,3767.165,,772.805,1026.688,,,Solapur
2024-10-26,,3899.782,,235.572,1047.486,,,Solapur
2024-10-27,,3915.283,,273.108,1029.093,,,Solapur
2024-10-28,,3957.339,,0.083,1036.444,,,Solapur
2024-10-29,,3784.388,,265.043,1061.631,,,Solapur
2024-10-30,,3880.671,,251.059,1075.952,,,Solapur
2024-10-31,,3916.046,,260.954,1104.19,,,Solapur
2024-11-01,,3934.85,,230.742,1104.943,,,Solapur
2024-11-02,,3925.939,,221.008,1097.637,,,Solapur
2024-11-03,,3957.692,,0.0,1050.976,,,Solapur
2024-11-04,,3887.301,,240.987,1038.396,,,Solapur
2024-11-05,,3742.454,,165.364,1008.204,,,Solapur
2024-11-06,,3833.24,,242.618,1003.696,,,Solapur
2024-11-07,,3880.506,,0.519,989.107,,,Solapur
2024-11-08,,3915.08,,181.198,972.762,,,Solapur
2024-11-09,,3870.176,,227.814,986.784,,,Solapur
2024-11-10,,3733.733,,532.324,967.421,,,Solapur
2024-11-11,,3490.073,,62.095,957.146,,,Solapur
2024-11-12,,3150.008,,62.095,964.216,,,Solapur
2024-11-13,,3091.101,,234.581,980.163,,,Solapur
2024-11-14,,3275.54,,0.0,1032.777,,,Solapur
2024-11-15,,3367.46,,1732.267,1003.27,,,Solapur
2024-11-16,,3464.673,,264.086,994.939,,,Solapur
2024-11-17,,3528.532,,19.539,975.158,,,Solapur
2024-11-18,,3612.552,,267.246,958.626,,,Solapur
2024-11-19,,3476.849,,267.246,954.265,,,Solapur
2024-11-20,,3588.928,,379.934,952.424,,,Solapur
2024-11-21,,3686.873,,283.961,954.682,,,Solapur
2024-11-22,,3730.0,,268.498,957.791,,,Solapur
2024-11-23,,3778.131,,292.629,957.964,,,Solapur
2024-11-24,,3662.649,,129.035,959.61,,,Solapur
2024-11-25,,3551.346,,303.707,949.783,,,Solapur
2024-11-26,,3299.977,,335.803,949.287,,,Solapur
2024-11-27,,3318.546,,486.797,948.204,,,Solapur
2024-11-28,,3350.637,,220.364,946.813,,,Solapur
2024-11-29,,3352.716,,47.001,955.948,,,Solapur
2024-11-30,,3282.449,,0.0,973.371,,,Solapur
2024-12-01,,3286.34,,1530.74,1017.424,,,Solapur
2024-12-02,,3221.376,,3.936,1056.87,,,Solapur
2024-12-03,,3085.317,,5.757,1059.031,,,Solapur
2024-12-04,,3141.008,,295.654,1038.903,,,Solapur
2024-12-05,,3120.462,,267.618,1053.96,,,Solapur
2024-12-06,,3274.103,,267.874,1058.458,,,Solapur
2024-12-07,,3372.302,,1025.897,1079.001,,,Solapur
2024-12-08,,3442.862,,420.474,1075.913,,,Solapur
2024-12-09,,3436.95,,268.978,1026.34,,,Solapur
2024-12-10,,3312.744,,253.607,967.449,,,Solapur
2024-12-11,,3451.497,,7.826,963.036,,,Solapur
2024-12-12,,3548.003,,221.609,962.627,,,Solapur
2024-12-13,,3535.861,,267.088,959.283,,,Solapur
2024-12-14,,3510.347,,228.669,952.854,,,Solapur
2024-12-15,,3558.217,,230.648,950.314,,,Solapur
2024-12-16,,3570.748,,248.256,950.518,,,Solapur
2024-12-17,,3363.242,,546.579,948.96,,,Solapur
2024-12-18,,3429.863,,593.551,946.896,,,Solapur
2024-12-19,,3526.595,,309.397,963.758,,,Solapur
2024-12-20,,3584.851,,297.741,985.034,,,Solapur
2024-12-21,,3612.877,,104.554,1001.173,,,Solapur
2024-12-22,,3710.427,,281.809,1008.471,,,Solapur
2024-12-23,,3625.517,,1014.209,1048.082,,,Solapur
2024-12-24,,3439.48,,273.46,995.844,,,Solapur
2024-12-25,,3577.448,,154.2,1018.885,,,Solapur
2024-12-26,,3693.904,,233.296,1067.793,,,Solapur
2024-12-27,,3686.809,,138.994,1066.889,,,Solapur
2024-12-28,,3654.221,,598.85,1010.728,,,Solapur
2024-12-29,,3717.534,,248.376,978.007,,,Solapur
2024-12-30,,3768.863,,242.992,981.289,,,Solapur
2024-12-31,,3609.064,,242.992,978.249,,,Solapur
