index,geometry,lat,lon,avation,brick_kiln,industrial,power,power_pm25,residential_scope1,residential_scope2,traffic,traffic_NOx,traffic_pm25,total_co2,total_pollutant
Firozabad_0,"POLYGON ((78.360973803905 27.152987958245188, 78.360973803905 27.156984451608924, 78.35648222748439 27.156984451608924, 78.35648222748439 27.152987958245188, 78.360973803905 27.152987958245188))",27.154986204927056,78.3587280156947,,,,1350.931,,0.0,0.0,,,,1350.931,0.0
Firozabad_1,"POLYGON ((78.360973803905 27.156984451608924, 78.360973803905 27.160980801977377, 78.35648222748439 27.160980801977377, 78.35648222748439 27.156984451608924, 78.360973803905 27.156984451608924))",27.15898262679315,78.35872801569471,,,,1639.064,,8.979,29.931,,,,1648.043,0.0
Firozabad_2,"POLYGON ((78.360973803905 27.160980801977377, 78.360973803905 27.164977009336216, 78.35648222748439 27.164977009336216, 78.35648222748439 27.160980801977377, 78.360973803905 27.160980801977377))",27.162978905656793,78.3587280156947,,,,2355.971,,100.357,334.766,,,,2456.328,0.0
Firozabad_3,"POLYGON ((78.360973803905 27.164977009336216, 78.360973803905 27.16897307367112, 78.35648222748439 27.16897307367112, 78.35648222748439 27.164977009336216, 78.360973803905 27.164977009336216))",27.16697504150367,78.35872801569471,,,,2470.631,,58.089,192.41,,,,2528.72,0.0
Firozabad_4,"POLYGON ((78.36546538032559 27.1330033469988, 78.36546538032559 27.137000555123986, 78.360973803905 27.137000555123986, 78.360973803905 27.1330033469988, 78.36546538032559 27.1330033469988))",27.135001951061398,78.36321959211529,,,,833.31,,0.0,0.0,,,,833.31,0.0
Firozabad_5,"POLYGON ((78.36546538032559 27.137000555123986, 78.36546538032559 27.14099762032555, 78.360973803905 27.14099762032555, 78.360973803905 27.137000555123986, 78.36546538032559 27.137000555123986))",27.13899908772477,78.36321959211529,,,,978.153,,0.0,0.0,,,,978.153,0.0
Firozabad_6,"POLYGON ((78.36546538032559 27.14099762032555, 78.36546538032559 27.144994542589163, 78.360973803905 27.144994542589163, 78.360973803905 27.14099762032555, 78.36546538032559 27.14099762032555))",27.142996081457355,78.36321959211529,,,,1174.928,,1.739,5.777,,,,1176.667,0.0
Firozabad_7,"POLYGON ((78.36546538032559 27.144994542589163, 78.36546538032559 27.14899132190049, 78.360973803905 27.14899132190049, 78.360973803905 27.144994542589163, 78.36546538032559 27.144994542589163))",27.146992932244828,78.36321959211529,,,,1174.928,,23.724,78.978,,,,1198.652,0.0
Firozabad_8,"POLYGON ((78.36546538032559 27.14899132190049, 78.36546538032559 27.152987958245188, 78.360973803905 27.152987958245188, 78.360973803905 27.14899132190049, 78.36546538032559 27.14899132190049))",27.150989640072844,78.36321959211527,,,,1360.632,,36.69,122.684,,,,1397.322,0.0
Firozabad_9,"POLYGON ((78.36546538032559 27.152987958245188, 78.36546538032559 27.156984451608924, 78.360973803905 27.156984451608924, 78.360973803905 27.152987958245188, 78.36546538032559 27.152987958245188))",27.154986204927056,78.36321959211527,,,,1560.899,,18.295,61.167,,,,1579.194,0.0
Firozabad_10,"POLYGON ((78.36546538032559 27.156984451608924, 78.36546538032559 27.160980801977377, 78.360973803905 27.160980801977377, 78.360973803905 27.156984451608924, 78.36546538032559 27.156984451608924))",27.15898262679315,78.36321959211529,,,,2049.633,,19.753,65.372,,,,2069.386,0.0
Firozabad_11,"POLYGON ((78.36546538032559 27.160980801977377, 78.36546538032559 27.164977009336216, 78.360973803905 27.164977009336216, 78.360973803905 27.160980801977377, 78.36546538032559 27.160980801977377))",27.162978905656797,78.36321959211529,,,,2899.472,,37.716,124.834,,,,2937.188,0.0
Firozabad_12,"POLYGON ((78.36546538032559 27.164977009336216, 78.36546538032559 27.16897307367112, 78.360973803905 27.16897307367112, 78.360973803905 27.164977009336216, 78.36546538032559 27.164977009336216))",27.16697504150367,78.36321959211527,,,,3333.408,,35.494,117.254,,,,3368.902,0.0
Firozabad_13,"POLYGON ((78.36546538032559 27.16897307367112, 78.36546538032559 27.172968994967775, 78.360973803905 27.172968994967775, 78.360973803905 27.16897307367112, 78.36546538032559 27.16897307367112))",27.170971034319447,78.36321959211527,,,,4444.606,,284.5,939.898,,,,4729.106,0.0
Firozabad_14,"POLYGON ((78.36546538032559 27.172968994967775, 78.36546538032559 27.176964773211864, 78.360973803905 27.176964773211864, 78.360973803905 27.172968994967775, 78.36546538032559 27.172968994967775))",27.17496688408982,78.3632195921153,,,,6167.024,,181.655,601.476,,,,6348.679,0.0
Firozabad_15,"POLYGON ((78.3699569567462 27.1330033469988, 78.3699569567462 27.137000555123986, 78.36546538032559 27.137000555123986, 78.36546538032559 27.1330033469988, 78.3699569567462 27.1330033469988))",27.135001951061394,78.36771116853589,,,,942.067,,0.0,0.0,,,,942.067,0.0
Firozabad_16,"POLYGON ((78.3699569567462 27.137000555123986, 78.3699569567462 27.14099762032555, 78.36546538032559 27.14099762032555, 78.36546538032559 27.137000555123986, 78.3699569567462 27.137000555123986))",27.13899908772477,78.36771116853589,,,,1102.615,,0.0,0.0,,,,1102.615,0.0
Firozabad_17,"POLYGON ((78.3699569567462 27.14099762032555, 78.3699569567462 27.144994542589163, 78.36546538032559 27.144994542589163, 78.36546538032559 27.14099762032555, 78.3699569567462 27.14099762032555))",27.142996081457355,78.36771116853588,,,,1378.958,,4.016,13.35,,,,1382.974,0.0
Firozabad_18,"POLYGON ((78.3699569567462 27.144994542589163, 78.3699569567462 27.14899132190049, 78.36546538032559 27.14899132190049, 78.36546538032559 27.144994542589163, 78.3699569567462 27.144994542589163))",27.146992932244828,78.3677111685359,,,,1378.958,,15.879,52.848,,,,1394.837,0.0
Firozabad_19,"POLYGON ((78.3699569567462 27.14899132190049, 78.3699569567462 27.152987958245188, 78.36546538032559 27.152987958245188, 78.36546538032559 27.14899132190049, 78.3699569567462 27.14899132190049))",27.15098964007284,78.3677111685359,,,,1663.315,,3.014,10.091,,,,1666.329,0.0
Firozabad_20,"POLYGON ((78.3699569567462 27.152987958245188, 78.3699569567462 27.156984451608924, 78.36546538032559 27.156984451608924, 78.36546538032559 27.152987958245188, 78.3699569567462 27.152987958245188))",27.154986204927056,78.36771116853589,,,,2123.347,,12.016,40.157,,,,2135.363,0.0
Firozabad_21,"POLYGON ((78.3699569567462 27.156984451608924, 78.3699569567462 27.160980801977377, 78.36546538032559 27.160980801977377, 78.36546538032559 27.156984451608924, 78.3699569567462 27.156984451608924))",27.15898262679315,78.36771116853589,,,,3191.588,,54.707,181.274,,,,3246.295,0.0
Firozabad_22,"POLYGON ((78.3699569567462 27.160980801977377, 78.3699569567462 27.164977009336216, 78.36546538032559 27.164977009336216, 78.36546538032559 27.160980801977377, 78.3699569567462 27.160980801977377))",27.162978905656793,78.36771116853589,,,,4156.636,,127.732,423.251,,,,4284.368,0.0
Firozabad_23,"POLYGON ((78.3699569567462 27.164977009336216, 78.3699569567462 27.16897307367112, 78.36546538032559 27.16897307367112, 78.36546538032559 27.164977009336216, 78.3699569567462 27.164977009336216))",27.16697504150367,78.36771116853589,,,,4893.235,,354.949,1172.536,,,,5248.184,0.0
Firozabad_24,"POLYGON ((78.3699569567462 27.16897307367112, 78.3699569567462 27.172968994967775, 78.36546538032559 27.172968994967775, 78.36546538032559 27.16897307367112, 78.3699569567462 27.16897307367112))",27.170971034319447,78.36771116853589,,,,6165.293,,906.701,2995.251,,,,7071.994,0.0
Firozabad_25,"POLYGON ((78.3699569567462 27.172968994967775, 78.3699569567462 27.176964773211864, 78.36546538032559 27.176964773211864, 78.36546538032559 27.172968994967775, 78.3699569567462 27.172968994967775))",27.174966884089816,78.3677111685359,,,,5625.556,,109.873,363.813,,,,5735.429,0.0
Firozabad_26,"POLYGON ((78.37444853316678 27.1330033469988, 78.37444853316678 27.137000555123986, 78.3699569567462 27.137000555123986, 78.3699569567462 27.1330033469988, 78.37444853316678 27.1330033469988))",27.135001951061398,78.3722027449565,,,,1312.497,,0.0,0.0,,,,1312.497,0.0
Firozabad_27,"POLYGON ((78.37444853316678 27.137000555123986, 78.37444853316678 27.14099762032555, 78.3699569567462 27.14099762032555, 78.3699569567462 27.137000555123986, 78.37444853316678 27.137000555123986))",27.13899908772477,78.37220274495648,,,,1356.409,,0.956,3.176,,,,1357.365,0.0
Firozabad_28,"POLYGON ((78.37444853316678 27.14099762032555, 78.37444853316678 27.144994542589163, 78.3699569567462 27.144994542589163, 78.3699569567462 27.14099762032555, 78.37444853316678 27.14099762032555))",27.142996081457355,78.37220274495648,,,,1780.265,,23.249,77.093,,,,1803.514,0.0
Firozabad_29,"POLYGON ((78.37444853316678 27.144994542589163, 78.37444853316678 27.14899132190049, 78.3699569567462 27.14899132190049, 78.3699569567462 27.144994542589163, 78.37444853316678 27.144994542589163))",27.146992932244828,78.3722027449565,,,,1780.265,,29.685,98.457,,,,1809.95,0.0
Firozabad_30,"POLYGON ((78.37444853316678 27.14899132190049, 78.37444853316678 27.152987958245188, 78.3699569567462 27.152987958245188, 78.3699569567462 27.14899132190049, 78.37444853316678 27.14899132190049))",27.150989640072844,78.3722027449565,,,,2493.491,,55.564,184.477,,,,2549.055,0.0
Firozabad_31,"POLYGON ((78.37444853316678 27.152987958245188, 78.37444853316678 27.156984451608924, 78.3699569567462 27.156984451608924, 78.3699569567462 27.152987958245188, 78.37444853316678 27.152987958245188))",27.154986204927056,78.3722027449565,,,,3692.565,,320.133,1062.99,,,,4012.698,0.0
Firozabad_32,"POLYGON ((78.37444853316678 27.156984451608924, 78.37444853316678 27.160980801977377, 78.3699569567462 27.160980801977377, 78.3699569567462 27.156984451608924, 78.37444853316678 27.156984451608924))",27.15898262679315,78.37220274495648,,,,5205.162,,623.171,2061.617,,,,5828.333,0.0
Firozabad_33,"POLYGON ((78.37444853316678 27.160980801977377, 78.37444853316678 27.164977009336216, 78.3699569567462 27.164977009336216, 78.3699569567462 27.160980801977377, 78.37444853316678 27.160980801977377))",27.162978905656797,78.3722027449565,,,,6395.006,,453.877,1501.455,,,,6848.883,0.0
Firozabad_34,"POLYGON ((78.37444853316678 27.164977009336216, 78.37444853316678 27.16897307367112, 78.3699569567462 27.16897307367112, 78.3699569567462 27.164977009336216, 78.37444853316678 27.164977009336216))",27.16697504150367,78.3722027449565,,,,7003.542,,313.937,1037.115,,,,7317.479,0.0
Firozabad_35,"POLYGON ((78.37444853316678 27.16897307367112, 78.37444853316678 27.172968994967775, 78.3699569567462 27.172968994967775, 78.3699569567462 27.16897307367112, 78.37444853316678 27.16897307367112))",27.170971034319447,78.3722027449565,,,,6974.661,,541.712,1789.602,,,,7516.373,0.0
Firozabad_36,"POLYGON ((78.37894010958739 27.1330033469988, 78.37894010958739 27.137000555123986, 78.37444853316678 27.137000555123986, 78.37444853316678 27.1330033469988, 78.37894010958739 27.1330033469988))",27.135001951061394,78.37669432137707,,,,2217.777,,0.01,0.001,,,,2217.787,0.0
Firozabad_37,"POLYGON ((78.37894010958739 27.137000555123986, 78.37894010958739 27.14099762032555, 78.37444853316678 27.14099762032555, 78.37444853316678 27.137000555123986, 78.37894010958739 27.137000555123986))",27.13899908772477,78.37669432137709,,,,1859.03,,0.936,3.078,,,,1859.966,0.0
Firozabad_38,"POLYGON ((78.37894010958739 27.14099762032555, 78.37894010958739 27.144994542589163, 78.37444853316678 27.144994542589163, 78.37444853316678 27.14099762032555, 78.37894010958739 27.14099762032555))",27.142996081457355,78.37669432137707,,,,3006.805,,138.572,459.557,,,,3145.377,0.0
Firozabad_39,"POLYGON ((78.37894010958739 27.144994542589163, 78.37894010958739 27.14899132190049, 78.37444853316678 27.14899132190049, 78.37444853316678 27.144994542589163, 78.37894010958739 27.144994542589163))",27.146992932244828,78.3766943213771,,,,3006.805,,280.683,930.743,,,,3287.488,0.0
Firozabad_40,"POLYGON ((78.37894010958739 27.14899132190049, 78.37894010958739 27.152987958245188, 78.37444853316678 27.152987958245188, 78.37444853316678 27.14899132190049, 78.37894010958739 27.14899132190049))",27.15098964007284,78.37669432137709,,,,4824.504,,828.417,2750.958,,,,5652.921,0.0
Firozabad_41,"POLYGON ((78.37894010958739 27.152987958245188, 78.37894010958739 27.156984451608924, 78.37444853316678 27.156984451608924, 78.37444853316678 27.152987958245188, 78.37894010958739 27.152987958245188))",27.154986204927056,78.37669432137709,,,,6715.534,,855.453,2840.747,,,,7570.987,0.0
Firozabad_42,"POLYGON ((78.37894010958739 27.156984451608924, 78.37894010958739 27.160980801977377, 78.37444853316678 27.160980801977377, 78.37444853316678 27.156984451608924, 78.37894010958739 27.156984451608924))",27.15898262679315,78.37669432137709,,,,7818.968,,876.759,2900.559,,,,8695.727,0.0
Firozabad_43,"POLYGON ((78.37894010958739 27.160980801977377, 78.37894010958739 27.164977009336216, 78.37444853316678 27.164977009336216, 78.37444853316678 27.160980801977377, 78.37894010958739 27.160980801977377))",27.162978905656793,78.37669432137709,,,,8491.259,,675.835,2235.841,,,,9167.094,0.0
Firozabad_44,"POLYGON ((78.37894010958739 27.164977009336216, 78.37894010958739 27.16897307367112, 78.37444853316678 27.16897307367112, 78.37444853316678 27.164977009336216, 78.37894010958739 27.164977009336216))",27.16697504150367,78.37669432137707,,,,8942.846,,605.897,2001.695,,,,9548.743,0.0
Firozabad_45,"POLYGON ((78.37894010958739 27.16897307367112, 78.37894010958739 27.172968994967775, 78.37444853316678 27.172968994967775, 78.37444853316678 27.16897307367112, 78.37894010958739 27.16897307367112))",27.170971034319447,78.37669432137707,,,,7303.874,,604.359,1996.584,,,,7908.233,0.0
Firozabad_46,"POLYGON ((78.383431686008 27.129005995964352, 78.383431686008 27.1330033469988, 78.37894010958739 27.1330033469988, 78.37894010958739 27.129005995964352, 78.383431686008 27.129005995964352))",27.131004671481577,78.38118589779769,,,,4238.542,,1.425,4.731,,,,4239.967,0.0
Firozabad_47,"POLYGON ((78.383431686008 27.1330033469988, 78.383431686008 27.137000555123986, 78.37894010958739 27.137000555123986, 78.37894010958739 27.1330033469988, 78.383431686008 27.1330033469988))",27.135001951061394,78.38118589779769,,,,2318.807,,1.231,4.074,,,,2320.038,0.0
Firozabad_48,"POLYGON ((78.383431686008 27.137000555123986, 78.383431686008 27.14099762032555, 78.37894010958739 27.14099762032555, 78.37894010958739 27.137000555123986, 78.383431686008 27.137000555123986))",27.13899908772477,78.38118589779769,,,,2562.544,,1.046,3.488,,,,2563.59,0.0
Firozabad_49,"POLYGON ((78.383431686008 27.14099762032555, 78.383431686008 27.144994542589163, 78.37894010958739 27.144994542589163, 78.37894010958739 27.14099762032555, 78.383431686008 27.14099762032555))",27.142996081457355,78.38118589779769,,,,4931.499,,122.931,406.242,,,,5054.43,0.0
Firozabad_50,"POLYGON ((78.383431686008 27.144994542589163, 78.383431686008 27.14899132190049, 78.37894010958739 27.14899132190049, 78.37894010958739 27.144994542589163, 78.383431686008 27.144994542589163))",27.146992932244828,78.38118589779769,,,,4931.499,,534.352,1765.628,,,,5465.851,0.0
Firozabad_51,"POLYGON ((78.383431686008 27.14899132190049, 78.383431686008 27.152987958245188, 78.37894010958739 27.152987958245188, 78.37894010958739 27.14899132190049, 78.383431686008 27.14899132190049))",27.15098964007284,78.38118589779769,,,,7681.249,,987.42,3278.127,,,,8668.669,0.0
Firozabad_52,"POLYGON ((78.383431686008 27.152987958245188, 78.383431686008 27.156984451608924, 78.37894010958739 27.156984451608924, 78.37894010958739 27.152987958245188, 78.383431686008 27.152987958245188))",27.154986204927056,78.38118589779769,,,,9578.502,,776.861,2579.058,,,,10355.363,0.0
Firozabad_53,"POLYGON ((78.383431686008 27.156984451608924, 78.383431686008 27.160980801977377, 78.37894010958739 27.160980801977377, 78.37894010958739 27.156984451608924, 78.383431686008 27.156984451608924))",27.15898262679315,78.38118589779769,,,,10117.497,,947.269,3115.837,,,,11064.766,0.0
Firozabad_54,"POLYGON ((78.383431686008 27.160980801977377, 78.383431686008 27.164977009336216, 78.37894010958739 27.164977009336216, 78.37894010958739 27.160980801977377, 78.383431686008 27.160980801977377))",27.162978905656793,78.38118589779769,,,,10161.77,,810.526,2666.048,,,,10972.296,0.0
Firozabad_55,"POLYGON ((78.383431686008 27.164977009336216, 78.383431686008 27.16897307367112, 78.37894010958739 27.16897307367112, 78.37894010958739 27.164977009336216, 78.383431686008 27.164977009336216))",27.16697504150367,78.38118589779769,,,,9875.628,,604.975,1992.717,,,,10480.603,0.0
Firozabad_56,"POLYGON ((78.383431686008 27.16897307367112, 78.383431686008 27.172968994967775, 78.37894010958739 27.172968994967775, 78.37894010958739 27.16897307367112, 78.383431686008 27.16897307367112))",27.170971034319447,78.38118589779769,,,,7230.206,,516.558,1701.512,,,,7746.764,0.0
Firozabad_57,"POLYGON ((78.383431686008 27.172968994967775, 78.383431686008 27.176964773211864, 78.37894010958739 27.176964773211864, 78.37894010958739 27.172968994967775, 78.383431686008 27.172968994967775))",27.174966884089816,78.38118589779768,,,,4037.813,,29.36,96.796,,,,4067.173,0.0
Firozabad_58,"POLYGON ((78.38792326242857 27.12500850203499, 78.38792326242857 27.129005995964352, 78.383431686008 27.129005995964352, 78.383431686008 27.12500850203499, 78.38792326242857 27.12500850203499))",27.127007248999675,78.38567747421828,,,,1435.808,,34.16,114.716,,,,1469.968,0.0
Firozabad_59,"POLYGON ((78.38792326242857 27.129005995964352, 78.38792326242857 27.1330033469988, 78.383431686008 27.1330033469988, 78.383431686008 27.129005995964352, 78.38792326242857 27.129005995964352))",27.131004671481577,78.3856774742183,,,,2691.522,,10.139,33.646,,,,2701.661,0.0
Firozabad_60,"POLYGON ((78.38792326242857 27.1330033469988, 78.38792326242857 27.137000555123986, 78.383431686008 27.137000555123986, 78.383431686008 27.1330033469988, 78.38792326242857 27.1330033469988))",27.13500195106139,78.3856774742183,,,,2415.797,,88.028,291.987,,,,2503.825,0.0
Firozabad_61,"POLYGON ((78.38792326242857 27.137000555123986, 78.38792326242857 27.14099762032555, 78.383431686008 27.14099762032555, 78.383431686008 27.137000555123986, 78.38792326242857 27.137000555123986))",27.138999087724773,78.38567747421828,,,,3719.18,,43.905,145.052,,,,3763.085,0.0
Firozabad_62,"POLYGON ((78.38792326242857 27.14099762032555, 78.38792326242857 27.144994542589163, 78.383431686008 27.144994542589163, 78.383431686008 27.14099762032555, 78.38792326242857 27.14099762032555))",27.14299608145735,78.38567747421827,,,,7141.857,,465.625,1538.542,,,,7607.482,0.0
Firozabad_63,"POLYGON ((78.38792326242857 27.144994542589163, 78.38792326242857 27.14899132190049, 78.383431686008 27.14899132190049, 78.383431686008 27.144994542589163, 78.38792326242857 27.144994542589163))",27.146992932244824,78.3856774742183,,,,7141.857,,500.908,1655.12,,,,7642.765,0.0
Firozabad_64,"POLYGON ((78.38792326242857 27.14899132190049, 78.38792326242857 27.152987958245188, 78.383431686008 27.152987958245188, 78.383431686008 27.14899132190049, 78.38792326242857 27.14899132190049))",27.15098964007284,78.38567747421828,,,,9846.57,,993.001,3296.611,,,,10839.571,0.0
Firozabad_65,"POLYGON ((78.38792326242857 27.152987958245188, 78.38792326242857 27.156984451608924, 78.383431686008 27.156984451608924, 78.383431686008 27.152987958245188, 78.38792326242857 27.152987958245188))",27.154986204927056,78.3856774742183,,,,11271.664,,790.374,2623.913,,,,12062.038,0.0
Firozabad_66,"POLYGON ((78.38792326242857 27.156984451608924, 78.38792326242857 27.160980801977377, 78.383431686008 27.160980801977377, 78.383431686008 27.156984451608924, 78.38792326242857 27.156984451608924))",27.15898262679315,78.38567747421828,,,,12855.523,,612.731,2015.438,,,,13468.254,0.0
Firozabad_67,"POLYGON ((78.38792326242857 27.160980801977377, 78.38792326242857 27.164977009336216, 78.383431686008 27.164977009336216, 78.383431686008 27.160980801977377, 78.38792326242857 27.160980801977377))",27.1629789056568,78.3856774742183,,,,11535.717,,826.419,2718.336,,,,12362.136,0.0
Firozabad_68,"POLYGON ((78.38792326242857 27.164977009336216, 78.38792326242857 27.16897307367112, 78.383431686008 27.16897307367112, 78.383431686008 27.164977009336216, 78.38792326242857 27.164977009336216))",27.16697504150367,78.38567747421828,,,,9478.23,,758.511,2498.486,,,,10236.741,0.0
Firozabad_69,"POLYGON ((78.38792326242857 27.16897307367112, 78.38792326242857 27.172968994967775, 78.383431686008 27.172968994967775, 78.383431686008 27.16897307367112, 78.38792326242857 27.16897307367112))",27.170971034319443,78.3856774742183,,,,6834.669,,738.049,2431.088,,,,7572.718,0.0
Firozabad_70,"POLYGON ((78.38792326242857 27.172968994967775, 78.38792326242857 27.176964773211864, 78.383431686008 27.176964773211864, 78.383431686008 27.172968994967775, 78.38792326242857 27.172968994967775))",27.174966884089816,78.38567747421827,,,,3946.743,,93.918,309.616,,,,4040.661,0.0
Firozabad_71,"POLYGON ((78.38792326242857 27.176964773211864, 78.38792326242857 27.18096040838907, 78.383431686008 27.18096040838907, 78.383431686008 27.176964773211864, 78.38792326242857 27.176964773211864))",27.178962590800467,78.38567747421828,,,,2682.839,,131.893,434.828,,,,2814.732,0.0
Firozabad_72,"POLYGON ((78.38792326242857 27.18096040838907, 78.38792326242857 27.184955900485086, 78.383431686008 27.184955900485086, 78.383431686008 27.18096040838907, 78.38792326242857 27.18096040838907))",27.182958154437078,78.3856774742183,,,,2682.839,,9.597,31.591,,,,2692.436,0.0
Firozabad_73,"POLYGON ((78.39241483884918 27.12500850203499, 78.39241483884918 27.129005995964352, 78.38792326242857 27.129005995964352, 78.38792326242857 27.12500850203499, 78.39241483884918 27.12500850203499))",27.127007248999675,78.39016905063887,,,,1753.534,,85.957,286.769,,,,1839.491,0.0
Firozabad_74,"POLYGON ((78.39241483884918 27.129005995964352, 78.39241483884918 27.1330033469988, 78.38792326242857 27.1330033469988, 78.38792326242857 27.129005995964352, 78.39241483884918 27.129005995964352))",27.131004671481577,78.39016905063887,,,,3022.749,,73.97,243.447,,,,3096.719,0.0
Firozabad_75,"POLYGON ((78.39241483884918 27.1330033469988, 78.39241483884918 27.137000555123986, 78.38792326242857 27.137000555123986, 78.38792326242857 27.1330033469988, 78.39241483884918 27.1330033469988))",27.135001951061394,78.39016905063887,,,,3844.943,,509.161,1675.735,,,,4354.104,0.0
Firozabad_76,"POLYGON ((78.39241483884918 27.137000555123986, 78.39241483884918 27.14099762032555, 78.38792326242857 27.14099762032555, 78.38792326242857 27.137000555123986, 78.39241483884918 27.137000555123986))",27.13899908772477,78.39016905063887,,,,5604.579,,687.906,2254.49,,,,6292.485,0.0
Firozabad_77,"POLYGON ((78.39241483884918 27.14099762032555, 78.39241483884918 27.144994542589163, 78.38792326242857 27.144994542589163, 78.38792326242857 27.14099762032555, 78.39241483884918 27.14099762032555))",27.142996081457355,78.39016905063889,,,,8934.687,,1038.168,3402.478,,,,9972.855,0.0
Firozabad_78,"POLYGON ((78.39241483884918 27.144994542589163, 78.39241483884918 27.14899132190049, 78.38792326242857 27.14899132190049, 78.38792326242857 27.144994542589163, 78.39241483884918 27.144994542589163))",27.146992932244828,78.39016905063889,,,,8934.687,,644.79,2113.222,,,,9579.477,0.0
Firozabad_79,"POLYGON ((78.39241483884918 27.14899132190049, 78.39241483884918 27.152987958245188, 78.38792326242857 27.152987958245188, 78.38792326242857 27.14899132190049, 78.39241483884918 27.14899132190049))",27.15098964007284,78.39016905063887,,,,10635.027,,1230.214,4046.788,,,,11865.241,0.0
Firozabad_80,"POLYGON ((78.39241483884918 27.152987958245188, 78.39241483884918 27.156984451608924, 78.38792326242857 27.156984451608924, 78.38792326242857 27.152987958245188, 78.39241483884918 27.152987958245188))",27.154986204927056,78.39016905063887,,,,12131.893,,743.277,2445.115,,,,12875.17,0.0
Firozabad_81,"POLYGON ((78.39241483884918 27.156984451608924, 78.39241483884918 27.160980801977377, 78.38792326242857 27.160980801977377, 78.38792326242857 27.156984451608924, 78.39241483884918 27.156984451608924))",27.15898262679315,78.39016905063889,,,,14052.528,,619.55,2041.485,,,,14672.078,0.0
Firozabad_82,"POLYGON ((78.39241483884918 27.160980801977377, 78.39241483884918 27.164977009336216, 78.38792326242857 27.164977009336216, 78.38792326242857 27.160980801977377, 78.39241483884918 27.160980801977377))",27.162978905656793,78.39016905063887,,,,11298.43,,937.905,3090.531,,,,12236.335,0.0
Firozabad_83,"POLYGON ((78.39241483884918 27.164977009336216, 78.39241483884918 27.16897307367112, 78.38792326242857 27.16897307367112, 78.38792326242857 27.164977009336216, 78.39241483884918 27.164977009336216))",27.16697504150367,78.39016905063887,,,,8860.161,,640.074,2105.037,,,,9500.235,0.0
Firozabad_84,"POLYGON ((78.39241483884918 27.16897307367112, 78.39241483884918 27.172968994967775, 78.38792326242857 27.172968994967775, 78.38792326242857 27.16897307367112, 78.39241483884918 27.16897307367112))",27.170971034319447,78.39016905063887,,,,7091.873,,876.194,2881.507,,,,7968.067,0.0
Firozabad_85,"POLYGON ((78.39241483884918 27.172968994967775, 78.39241483884918 27.176964773211864, 78.38792326242857 27.176964773211864, 78.38792326242857 27.172968994967775, 78.39241483884918 27.172968994967775))",27.174966884089816,78.39016905063887,,,,4867.107,,649.01,2137.182,,,,5516.117,0.0
Firozabad_86,"POLYGON ((78.39241483884918 27.176964773211864, 78.39241483884918 27.18096040838907, 78.38792326242857 27.18096040838907, 78.38792326242857 27.176964773211864, 78.39241483884918 27.176964773211864))",27.17896259080047,78.39016905063889,,,,3619.068,,303.222,998.506,,,,3922.29,0.0
Firozabad_87,"POLYGON ((78.39241483884918 27.18096040838907, 78.39241483884918 27.184955900485086, 78.38792326242857 27.184955900485086, 78.38792326242857 27.18096040838907, 78.39241483884918 27.18096040838907))",27.182958154437074,78.39016905063887,,,,3619.068,,28.234,93.021,,,,3647.302,0.0
Firozabad_88,"POLYGON ((78.39690641526977 27.12500850203499, 78.39690641526977 27.129005995964352, 78.39241483884918 27.129005995964352, 78.39241483884918 27.12500850203499, 78.39690641526977 27.12500850203499))",27.12700724899967,78.39466062705947,,,,1891.553,,10.724,35.749,,,,1902.277,0.0
Firozabad_89,"POLYGON ((78.39690641526977 27.129005995964352, 78.39690641526977 27.1330033469988, 78.39241483884918 27.1330033469988, 78.39241483884918 27.129005995964352, 78.39690641526977 27.129005995964352))",27.131004671481577,78.39466062705947,,,,3524.251,,46.839,154.139,,,,3571.09,0.0
Firozabad_90,"POLYGON ((78.39690641526977 27.1330033469988, 78.39690641526977 27.137000555123986, 78.39241483884918 27.137000555123986, 78.39241483884918 27.1330033469988, 78.39690641526977 27.1330033469988))",27.135001951061398,78.39466062705947,,,,4956.895,,64.143,211.085,,,,5021.038,0.0
Firozabad_91,"POLYGON ((78.39690641526977 27.137000555123986, 78.39690641526977 27.14099762032555, 78.39241483884918 27.14099762032555, 78.39241483884918 27.137000555123986, 78.39690641526977 27.137000555123986))",27.13899908772477,78.39466062705947,,,,7123.843,,473.36,1551.387,,,,7597.203,0.0
Firozabad_92,"POLYGON ((78.39690641526977 27.14099762032555, 78.39690641526977 27.144994542589163, 78.39241483884918 27.144994542589163, 78.39241483884918 27.14099762032555, 78.39690641526977 27.14099762032555))",27.142996081457355,78.39466062705947,,,,9601.946,,1023.449,3354.262,,,,10625.395,0.0
Firozabad_93,"POLYGON ((78.39690641526977 27.144994542589163, 78.39690641526977 27.14899132190049, 78.39241483884918 27.14899132190049, 78.39241483884918 27.144994542589163, 78.39690641526977 27.144994542589163))",27.146992932244828,78.39466062705948,,,,9601.946,,1028.469,3370.714,,,,10630.415,0.0
Firozabad_94,"POLYGON ((78.39690641526977 27.14899132190049, 78.39690641526977 27.152987958245188, 78.39241483884918 27.152987958245188, 78.39241483884918 27.14899132190049, 78.39690641526977 27.14899132190049))",27.150989640072844,78.39466062705945,,,,10958.31,,1207.021,3970.538,,,,12165.331,0.0
Firozabad_95,"POLYGON ((78.39690641526977 27.152987958245188, 78.39690641526977 27.156984451608924, 78.39241483884918 27.156984451608924, 78.39241483884918 27.152987958245188, 78.39690641526977 27.152987958245188))",27.154986204927056,78.39466062705947,,,,12361.511,,786.325,2586.644,,,,13147.836,0.0
Firozabad_96,"POLYGON ((78.39690641526977 27.156984451608924, 78.39690641526977 27.160980801977377, 78.39241483884918 27.160980801977377, 78.39241483884918 27.156984451608924, 78.39690641526977 27.156984451608924))",27.15898262679315,78.39466062705947,,,,13462.881,,753.992,2484.526,,,,14216.873,0.0
Firozabad_97,"POLYGON ((78.39690641526977 27.160980801977377, 78.39690641526977 27.164977009336216, 78.39241483884918 27.164977009336216, 78.39241483884918 27.160980801977377, 78.39690641526977 27.160980801977377))",27.162978905656797,78.39466062705947,,,,10796.646,,1044.671,3442.342,,,,11841.317,0.0
Firozabad_98,"POLYGON ((78.39690641526977 27.164977009336216, 78.39690641526977 27.16897307367112, 78.39241483884918 27.16897307367112, 78.39241483884918 27.164977009336216, 78.39690641526977 27.164977009336216))",27.16697504150367,78.39466062705948,,,,8890.575,,866.026,2848.123,,,,9756.601,0.0
Firozabad_99,"POLYGON ((78.39690641526977 27.16897307367112, 78.39690641526977 27.172968994967775, 78.39241483884918 27.172968994967775, 78.39241483884918 27.16897307367112, 78.39690641526977 27.16897307367112))",27.170971034319447,78.39466062705947,,,,7750.253,,1152.24,3789.359,,,,8902.493,0.0
Firozabad_100,"POLYGON ((78.39690641526977 27.172968994967775, 78.39690641526977 27.176964773211864, 78.39241483884918 27.176964773211864, 78.39241483884918 27.172968994967775, 78.39690641526977 27.172968994967775))",27.17496688408982,78.39466062705945,,,,6038.057,,789.359,2599.361,,,,6827.416,0.0
Firozabad_101,"POLYGON ((78.39690641526977 27.176964773211864, 78.39690641526977 27.18096040838907, 78.39241483884918 27.18096040838907, 78.39241483884918 27.176964773211864, 78.39690641526977 27.176964773211864))",27.178962590800467,78.39466062705947,,,,4127.443,,265.317,873.661,,,,4392.76,0.0
Firozabad_102,"POLYGON ((78.39690641526977 27.18096040838907, 78.39690641526977 27.184955900485086, 78.39241483884918 27.184955900485086, 78.39241483884918 27.18096040838907, 78.39690641526977 27.18096040838907))",27.182958154437078,78.39466062705945,,,,4127.443,,7.487,24.645,,,,4134.93,0.0
Firozabad_103,"POLYGON ((78.40139799169037 27.12500850203499, 78.40139799169037 27.129005995964352, 78.39690641526977 27.129005995964352, 78.39690641526977 27.12500850203499, 78.40139799169037 27.12500850203499))",27.127007248999675,78.39915220348009,,,,1680.996,,77.334,258.603,,,,1758.33,0.0
Firozabad_104,"POLYGON ((78.40139799169037 27.129005995964352, 78.40139799169037 27.1330033469988, 78.39690641526977 27.1330033469988, 78.39690641526977 27.129005995964352, 78.40139799169037 27.129005995964352))",27.131004671481577,78.39915220348007,,,,3032.457,,14.585,48.229,,,,3047.042,0.0
Firozabad_105,"POLYGON ((78.40139799169037 27.1330033469988, 78.40139799169037 27.137000555123986, 78.39690641526977 27.137000555123986, 78.39690641526977 27.1330033469988, 78.40139799169037 27.1330033469988))",27.135001951061394,78.39915220348007,,,,4701.481,,89.813,296.986,,,,4791.294,0.0
Firozabad_106,"POLYGON ((78.40139799169037 27.137000555123986, 78.40139799169037 27.14099762032555, 78.39690641526977 27.14099762032555, 78.39690641526977 27.137000555123986, 78.40139799169037 27.137000555123986))",27.13899908772477,78.39915220348007,,,,6907.235,,222.081,731.019,,,,7129.316,0.0
Firozabad_107,"POLYGON ((78.40139799169037 27.14099762032555, 78.40139799169037 27.144994542589163, 78.39690641526977 27.144994542589163, 78.39690641526977 27.14099762032555, 78.40139799169037 27.14099762032555))",27.142996081457355,78.39915220348007,,,,8740.292,,1071.93,3528.268,,,,9812.222,0.0
Firozabad_108,"POLYGON ((78.40139799169037 27.144994542589163, 78.40139799169037 27.14899132190049, 78.39690641526977 27.14899132190049, 78.39690641526977 27.144994542589163, 78.40139799169037 27.144994542589163))",27.146992932244828,78.39915220348009,,,,8740.292,,1002.688,3300.356,,,,9742.98,0.0
Firozabad_109,"POLYGON ((78.40139799169037 27.14899132190049, 78.40139799169037 27.152987958245188, 78.39690641526977 27.152987958245188, 78.39690641526977 27.14899132190049, 78.40139799169037 27.14899132190049))",27.15098964007284,78.39915220348007,,,,9710.96,,1162.462,3826.74,,,,10873.422,0.0
Firozabad_110,"POLYGON ((78.40139799169037 27.152987958245188, 78.40139799169037 27.156984451608924, 78.39690641526977 27.156984451608924, 78.39690641526977 27.152987958245188, 78.40139799169037 27.152987958245188))",27.154986204927056,78.39915220348007,,,,10716.316,,1019.451,3355.959,,,,11735.767,0.0
Firozabad_111,"POLYGON ((78.40139799169037 27.156984451608924, 78.40139799169037 27.160980801977377, 78.39690641526977 27.160980801977377, 78.39690641526977 27.156984451608924, 78.40139799169037 27.156984451608924))",27.15898262679315,78.39915220348007,,,,11428.502,,620.269,2046.431,,,,12048.771,0.0
Firozabad_112,"POLYGON ((78.40139799169037 27.160980801977377, 78.40139799169037 27.164977009336216, 78.39690641526977 27.164977009336216, 78.39690641526977 27.160980801977377, 78.40139799169037 27.160980801977377))",27.162978905656793,78.39915220348009,,,,9874.478,,1067.057,3520.505,,,,10941.535,0.0
Firozabad_113,"POLYGON ((78.40139799169037 27.164977009336216, 78.40139799169037 27.16897307367112, 78.39690641526977 27.16897307367112, 78.39690641526977 27.164977009336216, 78.40139799169037 27.164977009336216))",27.16697504150367,78.39915220348007,,,,8686.746,,854.683,2822.018,,,,9541.429,0.0
Firozabad_114,"POLYGON ((78.40139799169037 27.16897307367112, 78.40139799169037 27.172968994967775, 78.39690641526977 27.172968994967775, 78.39690641526977 27.16897307367112, 78.40139799169037 27.16897307367112))",27.170971034319447,78.39915220348007,,,,8606.044,,893.555,2950.431,,,,9499.599,0.0
Firozabad_115,"POLYGON ((78.40139799169037 27.172968994967775, 78.40139799169037 27.176964773211864, 78.39690641526977 27.176964773211864, 78.39690641526977 27.172968994967775, 78.40139799169037 27.172968994967775))",27.174966884089816,78.39915220348007,,,,7315.435,,567.47,1886.155,,,,7882.905,0.0
Firozabad_116,"POLYGON ((78.40139799169037 27.176964773211864, 78.40139799169037 27.18096040838907, 78.39690641526977 27.18096040838907, 78.39690641526977 27.176964773211864, 78.40139799169037 27.176964773211864))",27.17896259080047,78.39915220348007,,,,4330.331,,135.487,450.311,,,,4465.818,0.0
Firozabad_117,"POLYGON ((78.40139799169037 27.18096040838907, 78.40139799169037 27.184955900485086, 78.39690641526977 27.184955900485086, 78.39690641526977 27.18096040838907, 78.40139799169037 27.18096040838907))",27.182958154437074,78.39915220348007,,,,4330.331,,97.148,322.898,,,,4427.479,0.0
Firozabad_118,"POLYGON ((78.40139799169037 27.184955900485086, 78.40139799169037 27.188951249485616, 78.39690641526977 27.188951249485616, 78.39690641526977 27.184955900485086, 78.40139799169037 27.184955900485086))",27.18695357498535,78.39915220348006,,,,2524.654,,0.807,2.617,,,,2525.461,0.0
Firozabad_119,"POLYGON ((78.40588956811096 27.129005995964352, 78.40588956811096 27.1330033469988, 78.40139799169037 27.1330033469988, 78.40139799169037 27.129005995964352, 78.40588956811096 27.129005995964352))",27.131004671481577,78.40364377990066,,,,2829.651,,6.039,19.994,,,,2835.69,0.0
Firozabad_120,"POLYGON ((78.40588956811096 27.1330033469988, 78.40588956811096 27.137000555123986, 78.40139799169037 27.137000555123986, 78.40139799169037 27.1330033469988, 78.40588956811096 27.1330033469988))",27.135001951061398,78.40364377990066,,,,4605.961,,14.006,46.301,,,,4619.967,0.0
Firozabad_121,"POLYGON ((78.40588956811096 27.137000555123986, 78.40588956811096 27.14099762032555, 78.40139799169037 27.14099762032555, 78.40139799169037 27.137000555123986, 78.40588956811096 27.137000555123986))",27.13899908772477,78.40364377990068,,,,7023.039,,331.844,1092.264,,,,7354.883,0.0
Firozabad_122,"POLYGON ((78.40588956811096 27.14099762032555, 78.40588956811096 27.144994542589163, 78.40139799169037 27.144994542589163, 78.40139799169037 27.14099762032555, 78.40588956811096 27.14099762032555))",27.142996081457355,78.40364377990068,,,,8569.143,,1189.651,3915.753,,,,9758.794,0.0
Firozabad_123,"POLYGON ((78.40588956811096 27.144994542589163, 78.40588956811096 27.14899132190049, 78.40139799169037 27.14899132190049, 78.40139799169037 27.144994542589163, 78.40588956811096 27.144994542589163))",27.146992932244828,78.40364377990068,,,,8569.143,,1004.957,3307.847,,,,9574.1,0.0
Firozabad_124,"POLYGON ((78.40588956811096 27.14899132190049, 78.40588956811096 27.152987958245188, 78.40139799169037 27.152987958245188, 78.40139799169037 27.14899132190049, 78.40588956811096 27.14899132190049))",27.150989640072844,78.40364377990068,,,,9647.989,,1279.718,4212.755,,,,10927.707,0.0
Firozabad_125,"POLYGON ((78.40588956811096 27.152987958245188, 78.40588956811096 27.156984451608924, 78.40139799169037 27.156984451608924, 78.40139799169037 27.152987958245188, 78.40588956811096 27.152987958245188))",27.154986204927056,78.40364377990066,,,,11015.535,,975.791,3212.232,,,,11991.326,0.0
Firozabad_126,"POLYGON ((78.40588956811096 27.156984451608924, 78.40588956811096 27.160980801977377, 78.40139799169037 27.160980801977377, 78.40139799169037 27.156984451608924, 78.40588956811096 27.156984451608924))",27.15898262679315,78.40364377990068,,,,11454.297,,567.229,1871.437,,,,12021.526,0.0
Firozabad_127,"POLYGON ((78.40588956811096 27.160980801977377, 78.40588956811096 27.164977009336216, 78.40139799169037 27.164977009336216, 78.40139799169037 27.160980801977377, 78.40588956811096 27.160980801977377))",27.162978905656797,78.40364377990066,,,,9587.232,,1041.725,3436.891,,,,10628.957,0.0
Firozabad_128,"POLYGON ((78.40588956811096 27.164977009336216, 78.40588956811096 27.16897307367112, 78.40139799169037 27.16897307367112, 78.40139799169037 27.164977009336216, 78.40588956811096 27.164977009336216))",27.16697504150367,78.40364377990068,,,,8669.118,,740.048,2443.707,,,,9409.166,0.0
Firozabad_129,"POLYGON ((78.40588956811096 27.16897307367112, 78.40588956811096 27.172968994967775, 78.40139799169037 27.172968994967775, 78.40139799169037 27.16897307367112, 78.40588956811096 27.16897307367112))",27.170971034319447,78.40364377990068,,,,9256.988,,919.048,3034.596,,,,10176.036,0.0
Firozabad_130,"POLYGON ((78.40588956811096 27.172968994967775, 78.40588956811096 27.176964773211864, 78.40139799169037 27.176964773211864, 78.40139799169037 27.172968994967775, 78.40588956811096 27.172968994967775))",27.17496688408982,78.40364377990068,,,,8102.056,,727.364,2417.611,,,,8829.42,0.0
Firozabad_131,"POLYGON ((78.40588956811096 27.176964773211864, 78.40588956811096 27.18096040838907, 78.40139799169037 27.18096040838907, 78.40139799169037 27.176964773211864, 78.40588956811096 27.176964773211864))",27.178962590800467,78.40364377990068,,,,4924.15,,202.441,672.864,,,,5126.591,0.0
Firozabad_132,"POLYGON ((78.40588956811096 27.18096040838907, 78.40588956811096 27.184955900485086, 78.40139799169037 27.184955900485086, 78.40139799169037 27.18096040838907, 78.40588956811096 27.18096040838907))",27.182958154437078,78.40364377990068,,,,4924.15,,237.205,788.42,,,,5161.355,0.0
Firozabad_133,"POLYGON ((78.40588956811096 27.184955900485086, 78.40588956811096 27.188951249485616, 78.40139799169037 27.188951249485616, 78.40139799169037 27.184955900485086, 78.40588956811096 27.184955900485086))",27.186953574985353,78.40364377990066,,,,2836.397,,11.094,37.232,,,,2847.491,0.0
Firozabad_134,"POLYGON ((78.41038114453157 27.1330033469988, 78.41038114453157 27.137000555123986, 78.40588956811096 27.137000555123986, 78.40588956811096 27.1330033469988, 78.41038114453157 27.1330033469988))",27.135001951061394,78.40813535632128,,,,5007.578,,42.931,142.56,,,,5050.509,0.0
Firozabad_135,"POLYGON ((78.41038114453157 27.137000555123986, 78.41038114453157 27.14099762032555, 78.40588956811096 27.14099762032555, 78.40588956811096 27.137000555123986, 78.41038114453157 27.137000555123986))",27.13899908772477,78.40813535632127,,,,7364.101,,383.188,1270.679,,,,7747.289,0.0
Firozabad_136,"POLYGON ((78.41038114453157 27.14099762032555, 78.41038114453157 27.144994542589163, 78.40588956811096 27.144994542589163, 78.40588956811096 27.14099762032555, 78.41038114453157 27.14099762032555))",27.142996081457355,78.40813535632127,,,,8795.112,,1407.108,4665.963,,,,10202.22,0.0
Firozabad_137,"POLYGON ((78.41038114453157 27.144994542589163, 78.41038114453157 27.14899132190049, 78.40588956811096 27.14899132190049, 78.40588956811096 27.144994542589163, 78.41038114453157 27.144994542589163))",27.146992932244828,78.40813535632125,,,,8795.112,,1016.428,3370.475,,,,9811.54,0.0
Firozabad_138,"POLYGON ((78.41038114453157 27.14899132190049, 78.41038114453157 27.152987958245188, 78.40588956811096 27.152987958245188, 78.40588956811096 27.14899132190049, 78.41038114453157 27.14899132190049))",27.15098964007284,78.40813535632125,,,,9953.649,,1002.994,3336.077,,,,10956.643,0.0
Firozabad_139,"POLYGON ((78.41038114453157 27.152987958245188, 78.41038114453157 27.156984451608924, 78.40588956811096 27.156984451608924, 78.40588956811096 27.152987958245188, 78.41038114453157 27.152987958245188))",27.154986204927056,78.40813535632128,,,,10495.527,,952.368,3167.702,,,,11447.895,0.0
Firozabad_140,"POLYGON ((78.41038114453157 27.156984451608924, 78.41038114453157 27.160980801977377, 78.40588956811096 27.160980801977377, 78.40588956811096 27.156984451608924, 78.41038114453157 27.156984451608924))",27.15898262679315,78.40813535632127,,,,10048.96,,934.651,3123.545,,,,10983.611,0.0
Firozabad_141,"POLYGON ((78.41038114453157 27.160980801977377, 78.41038114453157 27.164977009336216, 78.40588956811096 27.164977009336216, 78.40588956811096 27.160980801977377, 78.41038114453157 27.160980801977377))",27.162978905656793,78.40813535632127,,,,8456.842,,768.942,2569.64,,,,9225.784,0.0
Firozabad_142,"POLYGON ((78.41038114453157 27.164977009336216, 78.41038114453157 27.16897307367112, 78.40588956811096 27.16897307367112, 78.40588956811096 27.164977009336216, 78.41038114453157 27.164977009336216))",27.16697504150367,78.40813535632128,,,,7452.775,,683.741,2296.02,,,,8136.516,0.0
Firozabad_143,"POLYGON ((78.41038114453157 27.16897307367112, 78.41038114453157 27.172968994967775, 78.40588956811096 27.172968994967775, 78.40588956811096 27.16897307367112, 78.41038114453157 27.16897307367112))",27.170971034319447,78.40813535632127,,,,7499.299,,983.346,3302.079,,,,8482.645,0.0
Firozabad_144,"POLYGON ((78.41038114453157 27.172968994967775, 78.41038114453157 27.176964773211864, 78.40588956811096 27.176964773211864, 78.40588956811096 27.172968994967775, 78.41038114453157 27.172968994967775))",27.174966884089816,78.40813535632125,,,,6632.259,,521.893,1760.016,,,,7154.152,0.0
Firozabad_145,"POLYGON ((78.41038114453157 27.176964773211864, 78.41038114453157 27.18096040838907, 78.40588956811096 27.18096040838907, 78.40588956811096 27.176964773211864, 78.41038114453157 27.176964773211864))",27.17896259080047,78.40813535632127,,,,4325.532,,486.853,1641.848,,,,4812.385,0.0
Firozabad_146,"POLYGON ((78.41038114453157 27.18096040838907, 78.41038114453157 27.184955900485086, 78.40588956811096 27.184955900485086, 78.40588956811096 27.18096040838907, 78.41038114453157 27.18096040838907))",27.182958154437074,78.40813535632127,,,,4325.532,,169.193,570.608,,,,4494.725,0.0
Firozabad_147,"POLYGON ((78.41038114453157 27.184955900485086, 78.41038114453157 27.188951249485616, 78.40588956811096 27.188951249485616, 78.40588956811096 27.184955900485086, 78.41038114453157 27.184955900485086))",27.18695357498535,78.40813535632127,,,,2853.612,,84.628,288.258,,,,2938.24,0.0
Firozabad_148,"POLYGON ((78.41487272095216 27.1330033469988, 78.41487272095216 27.137000555123986, 78.41038114453157 27.137000555123986, 78.41038114453157 27.1330033469988, 78.41487272095216 27.1330033469988))",27.135001951061398,78.41262693274187,,,,6317.247,,489.427,1624.957,,,,6806.674,0.0
Firozabad_149,"POLYGON ((78.41487272095216 27.137000555123986, 78.41487272095216 27.14099762032555, 78.41038114453157 27.14099762032555, 78.41038114453157 27.137000555123986, 78.41487272095216 27.137000555123986))",27.13899908772477,78.41262693274187,,,,7924.863,,740.32,2454.913,,,,8665.183,0.0
Firozabad_150,"POLYGON ((78.41487272095216 27.14099762032555, 78.41487272095216 27.144994542589163, 78.41038114453157 27.144994542589163, 78.41038114453157 27.14099762032555, 78.41487272095216 27.14099762032555))",27.142996081457355,78.41262693274186,,,,8566.304,,991.162,3286.657,,,,9557.466,0.0
Firozabad_151,"POLYGON ((78.41487272095216 27.144994542589163, 78.41487272095216 27.14899132190049, 78.41038114453157 27.14899132190049, 78.41038114453157 27.144994542589163, 78.41487272095216 27.144994542589163))",27.146992932244828,78.41262693274186,,,,8566.304,,925.632,3069.267,,,,9491.936,0.0
Firozabad_152,"POLYGON ((78.41487272095216 27.14899132190049, 78.41487272095216 27.152987958245188, 78.41038114453157 27.152987958245188, 78.41038114453157 27.14899132190049, 78.41487272095216 27.14899132190049))",27.150989640072844,78.41262693274187,,,,9373.7,,1244.304,4138.691,,,,10618.004,0.0
Firozabad_153,"POLYGON ((78.41487272095216 27.152987958245188, 78.41487272095216 27.156984451608924, 78.41038114453157 27.156984451608924, 78.41038114453157 27.152987958245188, 78.41487272095216 27.152987958245188))",27.154986204927056,78.41262693274187,,,,8906.689,,981.355,3264.097,,,,9888.044,0.0
Firozabad_154,"POLYGON ((78.41487272095216 27.156984451608924, 78.41487272095216 27.160980801977377, 78.41038114453157 27.160980801977377, 78.41038114453157 27.156984451608924, 78.41487272095216 27.156984451608924))",27.15898262679315,78.41262693274187,,,,8164.694,,897.707,3000.112,,,,9062.401,0.0
Firozabad_155,"POLYGON ((78.41487272095216 27.160980801977377, 78.41487272095216 27.164977009336216, 78.41038114453157 27.164977009336216, 78.41038114453157 27.160980801977377, 78.41487272095216 27.160980801977377))",27.162978905656797,78.41262693274187,,,,6926.209,,724.663,2421.801,,,,7650.872,0.0
Firozabad_156,"POLYGON ((78.41487272095216 27.164977009336216, 78.41487272095216 27.16897307367112, 78.41038114453157 27.16897307367112, 78.41038114453157 27.164977009336216, 78.41487272095216 27.164977009336216))",27.16697504150367,78.41262693274187,,,,5415.83,,162.959,547.223,,,,5578.789,0.0
Firozabad_157,"POLYGON ((78.41487272095216 27.16897307367112, 78.41487272095216 27.172968994967775, 78.41038114453157 27.172968994967775, 78.41038114453157 27.16897307367112, 78.41487272095216 27.16897307367112))",27.170971034319447,78.41262693274187,,,,4730.623,,102.553,344.482,,,,4833.176,0.0
Firozabad_158,"POLYGON ((78.41487272095216 27.172968994967775, 78.41487272095216 27.176964773211864, 78.41038114453157 27.176964773211864, 78.41038114453157 27.172968994967775, 78.41487272095216 27.172968994967775))",27.17496688408982,78.41262693274186,,,,4087.295,,112.411,379.109,,,,4199.706,0.0
Firozabad_159,"POLYGON ((78.41487272095216 27.176964773211864, 78.41487272095216 27.18096040838907, 78.41038114453157 27.18096040838907, 78.41038114453157 27.176964773211864, 78.41487272095216 27.176964773211864))",27.178962590800467,78.41262693274187,,,,3023.754,,10.374,34.976,,,,3034.128,0.0
Firozabad_160,"POLYGON ((78.41487272095216 27.18096040838907, 78.41487272095216 27.184955900485086, 78.41038114453157 27.184955900485086, 78.41038114453157 27.18096040838907, 78.41487272095216 27.18096040838907))",27.182958154437078,78.41262693274187,,,,3023.754,,1.527,5.161,,,,3025.281,0.0
Firozabad_161,"POLYGON ((78.41936429737277 27.1330033469988, 78.41936429737277 27.137000555123986, 78.41487272095216 27.137000555123986, 78.41487272095216 27.1330033469988, 78.41936429737277 27.1330033469988))",27.135001951061394,78.41711850916248,,,,7099.733,,575.996,1934.749,,,,7675.729,0.0
Firozabad_162,"POLYGON ((78.41936429737277 27.137000555123986, 78.41936429737277 27.14099762032555, 78.41487272095216 27.14099762032555, 78.41487272095216 27.137000555123986, 78.41936429737277 27.137000555123986))",27.13899908772477,78.41711850916246,,,,7686.892,,844.553,2834.808,,,,8531.445,0.0
Firozabad_163,"POLYGON ((78.41936429737277 27.14099762032555, 78.41936429737277 27.144994542589163, 78.41487272095216 27.144994542589163, 78.41487272095216 27.14099762032555, 78.41936429737277 27.14099762032555))",27.142996081457355,78.41711850916246,,,,7717.349,,661.613,2220.754,,,,8378.962,0.0
Firozabad_164,"POLYGON ((78.41936429737277 27.144994542589163, 78.41936429737277 27.14899132190049, 78.41487272095216 27.14899132190049, 78.41487272095216 27.144994542589163, 78.41936429737277 27.144994542589163))",27.146992932244828,78.41711850916248,,,,7717.349,,796.719,2674.278,,,,8514.068,0.0
Firozabad_165,"POLYGON ((78.41936429737277 27.14899132190049, 78.41936429737277 27.152987958245188, 78.41487272095216 27.152987958245188, 78.41487272095216 27.14899132190049, 78.41936429737277 27.14899132190049))",27.15098964007284,78.41711850916246,,,,8352.305,,1189.144,3999.981,,,,9541.449,0.0
Firozabad_166,"POLYGON ((78.41936429737277 27.152987958245188, 78.41936429737277 27.156984451608924, 78.41487272095216 27.156984451608924, 78.41487272095216 27.152987958245188, 78.41936429737277 27.152987958245188))",27.154986204927056,78.41711850916246,,,,7706.872,,908.997,3057.589,,,,8615.869,0.0
Firozabad_167,"POLYGON ((78.41936429737277 27.156984451608924, 78.41936429737277 27.160980801977377, 78.41487272095216 27.160980801977377, 78.41487272095216 27.156984451608924, 78.41936429737277 27.156984451608924))",27.15898262679315,78.41711850916246,,,,6765.283,,611.965,2063.291,,,,7377.248,0.0
Firozabad_168,"POLYGON ((78.41936429737277 27.160980801977377, 78.41936429737277 27.164977009336216, 78.41487272095216 27.164977009336216, 78.41487272095216 27.160980801977377, 78.41936429737277 27.160980801977377))",27.162978905656793,78.41711850916246,,,,5293.498,,721.739,2433.418,,,,6015.237,0.0
Firozabad_169,"POLYGON ((78.41936429737277 27.164977009336216, 78.41936429737277 27.16897307367112, 78.41487272095216 27.16897307367112, 78.41487272095216 27.164977009336216, 78.41936429737277 27.164977009336216))",27.16697504150367,78.41711850916248,,,,3793.021,,43.915,148.341,,,,3836.936,0.0
Firozabad_170,"POLYGON ((78.41936429737277 27.16897307367112, 78.41936429737277 27.172968994967775, 78.41487272095216 27.172968994967775, 78.41487272095216 27.16897307367112, 78.41936429737277 27.16897307367112))",27.170971034319447,78.41711850916246,,,,3023.031,,281.124,949.657,,,,3304.155,0.0
Firozabad_171,"POLYGON ((78.41936429737277 27.172968994967775, 78.41936429737277 27.176964773211864, 78.41487272095216 27.176964773211864, 78.41487272095216 27.172968994967775, 78.41936429737277 27.172968994967775))",27.174966884089816,78.41711850916248,,,,2654.983,,24.94,84.909,,,,2679.923,0.0
Firozabad_172,"POLYGON ((78.41936429737277 27.176964773211864, 78.41936429737277 27.18096040838907, 78.41487272095216 27.18096040838907, 78.41487272095216 27.176964773211864, 78.41936429737277 27.176964773211864))",27.17896259080047,78.41711850916246,,,,2186.867,,147.675,503.008,,,,2334.542,0.0
Firozabad_173,"POLYGON ((78.41936429737277 27.18096040838907, 78.41936429737277 27.184955900485086, 78.41487272095216 27.184955900485086, 78.41487272095216 27.18096040838907, 78.41936429737277 27.18096040838907))",27.182958154437074,78.41711850916245,,,,2186.867,,2.493,8.493,,,,2189.36,0.0
Firozabad_174,"POLYGON ((78.42385587379336 27.1330033469988, 78.42385587379336 27.137000555123986, 78.41936429737277 27.137000555123986, 78.41936429737277 27.1330033469988, 78.42385587379336 27.1330033469988))",27.135001951061398,78.42161008558305,,,,6219.864,,239.724,805.223,,,,6459.588,0.0
Firozabad_175,"POLYGON ((78.42385587379336 27.137000555123986, 78.42385587379336 27.14099762032555, 78.41936429737277 27.14099762032555, 78.41936429737277 27.137000555123986, 78.42385587379336 27.137000555123986))",27.13899908772477,78.42161008558307,,,,6357.791,,1016.604,3412.355,,,,7374.395,0.0
Firozabad_176,"POLYGON ((78.42385587379336 27.14099762032555, 78.42385587379336 27.144994542589163, 78.41936429737277 27.144994542589163, 78.41936429737277 27.14099762032555, 78.42385587379336 27.14099762032555))",27.142996081457355,78.42161008558307,,,,6239.031,,408.805,1372.207,,,,6647.836,0.0
Firozabad_177,"POLYGON ((78.42385587379336 27.144994542589163, 78.42385587379336 27.14899132190049, 78.41936429737277 27.14899132190049, 78.41936429737277 27.144994542589163, 78.42385587379336 27.144994542589163))",27.146992932244828,78.42161008558305,,,,6239.031,,625.506,2099.528,,,,6864.537,0.0
Firozabad_178,"POLYGON ((78.42385587379336 27.14899132190049, 78.42385587379336 27.152987958245188, 78.41936429737277 27.152987958245188, 78.41936429737277 27.14899132190049, 78.42385587379336 27.14899132190049))",27.150989640072844,78.42161008558307,,,,6680.839,,638.458,2147.591,,,,7319.297,0.0
Firozabad_179,"POLYGON ((78.42385587379336 27.152987958245188, 78.42385587379336 27.156984451608924, 78.41936429737277 27.156984451608924, 78.41936429737277 27.152987958245188, 78.42385587379336 27.152987958245188))",27.154986204927056,78.42161008558305,,,,5937.611,,594.616,2000.149,,,,6532.227,0.0
Firozabad_180,"POLYGON ((78.42385587379336 27.156984451608924, 78.42385587379336 27.160980801977377, 78.41936429737277 27.160980801977377, 78.41936429737277 27.156984451608924, 78.42385587379336 27.156984451608924))",27.15898262679315,78.42161008558307,,,,4904.76,,319.298,1076.567,,,,5224.058,0.0
Firozabad_181,"POLYGON ((78.42385587379336 27.160980801977377, 78.42385587379336 27.164977009336216, 78.41936429737277 27.164977009336216, 78.41936429737277 27.160980801977377, 78.42385587379336 27.160980801977377))",27.162978905656797,78.42161008558307,,,,3864.663,,299.655,1010.337,,,,4164.318,0.0
Firozabad_182,"POLYGON ((78.42385587379336 27.164977009336216, 78.42385587379336 27.16897307367112, 78.41936429737277 27.16897307367112, 78.41936429737277 27.164977009336216, 78.42385587379336 27.164977009336216))",27.16697504150367,78.42161008558307,,,,2950.91,,6.834,23.081,,,,2957.744,0.0
Firozabad_183,"POLYGON ((78.42385587379336 27.16897307367112, 78.42385587379336 27.172968994967775, 78.41936429737277 27.172968994967775, 78.41936429737277 27.16897307367112, 78.42385587379336 27.16897307367112))",27.170971034319447,78.42161008558307,,,,2247.177,,3.991,13.473,,,,2251.168,0.0
Firozabad_184,"POLYGON ((78.42385587379336 27.172968994967775, 78.42385587379336 27.176964773211864, 78.41936429737277 27.176964773211864, 78.41936429737277 27.172968994967775, 78.42385587379336 27.172968994967775))",27.17496688408982,78.42161008558305,,,,1944.815,,2.637,9.001,,,,1947.452,0.0
Firozabad_185,"POLYGON ((78.42385587379336 27.176964773211864, 78.42385587379336 27.18096040838907, 78.41936429737277 27.18096040838907, 78.41936429737277 27.176964773211864, 78.42385587379336 27.176964773211864))",27.178962590800467,78.42161008558305,,,,1816.297,,21.054,71.713,,,,1837.351,0.0
Firozabad_186,"POLYGON ((78.42834745021396 27.1330033469988, 78.42834745021396 27.137000555123986, 78.42385587379336 27.137000555123986, 78.42385587379336 27.1330033469988, 78.42834745021396 27.1330033469988))",27.135001951061394,78.42610166200367,,,,5447.876,,226.253,766.539,,,,5674.129,0.0
Firozabad_187,"POLYGON ((78.42834745021396 27.137000555123986, 78.42834745021396 27.14099762032555, 78.42385587379336 27.14099762032555, 78.42385587379336 27.137000555123986, 78.42834745021396 27.137000555123986))",27.13899908772477,78.42610166200366,,,,4647.116,,543.111,1840.486,,,,5190.227,0.0
Firozabad_188,"POLYGON ((78.42834745021396 27.14099762032555, 78.42834745021396 27.144994542589163, 78.42385587379336 27.144994542589163, 78.42385587379336 27.14099762032555, 78.42834745021396 27.14099762032555))",27.142996081457355,78.42610166200367,,,,4180.241,,36.428,123.354,,,,4216.669,0.0
Firozabad_189,"POLYGON ((78.42834745021396 27.144994542589163, 78.42834745021396 27.14899132190049, 78.42385587379336 27.14899132190049, 78.42385587379336 27.144994542589163, 78.42834745021396 27.144994542589163))",27.146992932244828,78.42610166200366,,,,4180.241,,78.597,266.327,,,,4258.838,0.0
Firozabad_190,"POLYGON ((78.42834745021396 27.14899132190049, 78.42834745021396 27.152987958245188, 78.42385587379336 27.152987958245188, 78.42385587379336 27.14899132190049, 78.42834745021396 27.14899132190049))",27.15098964007284,78.42610166200366,,,,4307.126,,15.258,51.908,,,,4322.384,0.0
Firozabad_191,"POLYGON ((78.42834745021396 27.152987958245188, 78.42834745021396 27.156984451608924, 78.42385587379336 27.156984451608924, 78.42385587379336 27.152987958245188, 78.42834745021396 27.152987958245188))",27.154986204927056,78.42610166200366,,,,3950.244,,153.253,521.113,,,,4103.497,0.0
Firozabad_192,"POLYGON ((78.42834745021396 27.156984451608924, 78.42834745021396 27.160980801977377, 78.42385587379336 27.160980801977377, 78.42385587379336 27.156984451608924, 78.42834745021396 27.156984451608924))",27.15898262679315,78.42610166200366,,,,3288.544,,59.748,203.795,,,,3348.292,0.0
Firozabad_193,"POLYGON ((78.42834745021396 27.160980801977377, 78.42834745021396 27.164977009336216, 78.42385587379336 27.164977009336216, 78.42385587379336 27.160980801977377, 78.42834745021396 27.160980801977377))",27.162978905656793,78.42610166200367,,,,2748.592,,29.608,101.006,,,,2778.2,0.0
Firozabad_194,"POLYGON ((78.42834745021396 27.164977009336216, 78.42834745021396 27.16897307367112, 78.42385587379336 27.16897307367112, 78.42385587379336 27.164977009336216, 78.42834745021396 27.164977009336216))",27.16697504150367,78.42610166200367,,,,2170.447,,12.116,41.345,,,,2182.563,0.0
Firozabad_195,"POLYGON ((78.42834745021396 27.16897307367112, 78.42834745021396 27.172968994967775, 78.42385587379336 27.172968994967775, 78.42385587379336 27.16897307367112, 78.42834745021396 27.16897307367112))",27.170971034319447,78.42610166200367,,,,1682.016,,0.0,0.0,,,,1682.016,0.0
Firozabad_196,"POLYGON ((78.42834745021396 27.172968994967775, 78.42834745021396 27.176964773211864, 78.42385587379336 27.176964773211864, 78.42385587379336 27.172968994967775, 78.42834745021396 27.172968994967775))",27.174966884089816,78.42610166200366,,,,1490.785,,2.064,7.095,,,,1492.849,0.0
Firozabad_197,"POLYGON ((78.42834745021396 27.176964773211864, 78.42834745021396 27.18096040838907, 78.42385587379336 27.18096040838907, 78.42385587379336 27.176964773211864, 78.42834745021396 27.176964773211864))",27.17896259080047,78.42610166200366,,,,1372.186,,8.558,29.465,,,,1380.744,0.0
Firozabad_198,"POLYGON ((78.43283902663457 27.1330033469988, 78.43283902663457 27.137000555123986, 78.42834745021396 27.137000555123986, 78.42834745021396 27.1330033469988, 78.43283902663457 27.1330033469988))",27.135001951061394,78.43059323842428,,,,4219.363,,138.482,469.126,,,,4357.845,0.0
Firozabad_199,"POLYGON ((78.43283902663457 27.137000555123986, 78.43283902663457 27.14099762032555, 78.42834745021396 27.14099762032555, 78.42834745021396 27.137000555123986, 78.43283902663457 27.137000555123986))",27.13899908772477,78.43059323842428,,,,3011.899,,29.963,101.535,,,,3041.862,0.0
Firozabad_200,"POLYGON ((78.43283902663457 27.14099762032555, 78.43283902663457 27.144994542589163, 78.42834745021396 27.144994542589163, 78.42834745021396 27.14099762032555, 78.43283902663457 27.14099762032555))",27.142996081457355,78.43059323842427,,,,2386.071,,3.025,10.231,,,,2389.096,0.0
Firozabad_201,"POLYGON ((78.43283902663457 27.144994542589163, 78.43283902663457 27.14899132190049, 78.42834745021396 27.14899132190049, 78.42834745021396 27.144994542589163, 78.43283902663457 27.144994542589163))",27.146992932244828,78.43059323842427,,,,2386.071,,6.676,22.63,,,,2392.747,0.0
Firozabad_202,"POLYGON ((78.43283902663457 27.14899132190049, 78.43283902663457 27.152987958245188, 78.42834745021396 27.152987958245188, 78.42834745021396 27.14899132190049, 78.43283902663457 27.14899132190049))",27.15098964007284,78.43059323842427,,,,2492.999,,22.765,77.434,,,,2515.764,0.0
Firozabad_203,"POLYGON ((78.43283902663457 27.152987958245188, 78.43283902663457 27.156984451608924, 78.42834745021396 27.156984451608924, 78.42834745021396 27.152987958245188, 78.43283902663457 27.152987958245188))",27.154986204927056,78.43059323842428,,,,2499.193,,61.479,209.074,,,,2560.672,0.0
Firozabad_204,"POLYGON ((78.43283902663457 27.156984451608924, 78.43283902663457 27.160980801977377, 78.42834745021396 27.160980801977377, 78.42834745021396 27.156984451608924, 78.43283902663457 27.156984451608924))",27.15898262679315,78.43059323842427,,,,2216.001,,6.342,21.632,,,,2222.343,0.0
Firozabad_205,"POLYGON ((78.43733060305516 27.137000555123986, 78.43733060305516 27.14099762032555, 78.43283902663457 27.14099762032555, 78.43283902663457 27.137000555123986, 78.43733060305516 27.137000555123986))",27.13899908772477,78.43508481484486,,,,1938.331,,2.197,7.484,,,,1940.528,0.0
Firozabad_206,"POLYGON ((78.43733060305516 27.14099762032555, 78.43733060305516 27.144994542589163, 78.43283902663457 27.144994542589163, 78.43283902663457 27.14099762032555, 78.43733060305516 27.14099762032555))",27.142996081457355,78.43508481484486,,,,1650.453,,0.654,2.254,,,,1651.107,0.0
Firozabad_207,"POLYGON ((78.43733060305516 27.144994542589163, 78.43733060305516 27.14899132190049, 78.43283902663457 27.14899132190049, 78.43283902663457 27.144994542589163, 78.43733060305516 27.144994542589163))",27.146992932244828,78.43508481484484,,,,1650.453,,0.0,0.0,,,,1650.453,0.0
Firozabad_208,"POLYGON ((78.43733060305516 27.152987958245188, 78.43733060305516 27.156984451608924, 78.43283902663457 27.156984451608924, 78.43283902663457 27.152987958245188, 78.43733060305516 27.152987958245188))",27.154986204927056,78.43508481484486,,,,1901.172,,3.823,13.05,,,,1904.995,0.0
Firozabad_209,"POLYGON ((78.43733060305516 27.156984451608924, 78.43733060305516 27.160980801977377, 78.43283902663457 27.160980801977377, 78.43283902663457 27.156984451608924, 78.43733060305516 27.156984451608924))",27.15898262679315,78.43508481484484,,,,1712.592,,1.396,4.765,,,,1713.988,0.0
